txn_id,branch,city,amount,transaction_type,status,timestamp
T792608,,Delhi,2561.74,Failed,Success,2025-04-03 12:20:43.541282
T689511,Branch 1,Delhi,3211.28,Withdrawal,Success,2025-04-01 20:04:04.638868
T649258,Branch 1,Delhi,4270.7,Withdrawal,Success,
,Branch 1,Delhi,4432.52,Withdrawal,Failed,2025-04-06 00:46:51.352698
T274565,Branch 1,Delhi,,Withdrawal,Failed,
T953604,Branch 1,Delhi,,Transfer,,2025-04-06 11:12:08.651964
T122267,Branch 1,Delhi,,Withdrawal,Success,2025-04-05 03:28:19.372731
T620489,Branch 1,Delhi,522.89,Withdrawal,Success,2025-04-03 00:45:26.597470
,Branch 1,Delhi,1379.9,Transfer,Success,2025-04-03 02:49:20.443495
T932183,Branch 1,Delhi,1480.6,Withdrawal,Failed,2025-04-01 10:32:24.663256
,Branch 1,Delhi,292.77,Failed,Failed,2025-04-01 15:40:49.444728
T477103,Branch 1,Delhi,1732.25,Withdrawal,Success,2025-04-06 05:39:31.262625
T175145,Branch 1,Delhi,4780.43,Withdrawal,Success,2025-04-04 09:37:21.888479
T673198,Branch 1,Delhi,4416.55,Failed,Success,2025-04-06 10:56:23.494901
T491355,Branch 1,Delhi,3633.26,Transfer,Failed,2025-04-05 02:02:46.465691
T739197,Branch 1,Delhi,3008.57,,Failed,2025-04-07 04:26:50.611235
T176179,Branch 1,Delhi,1406.21,Transfer,Success,2025-04-04 13:48:33.448574
T977344,Branch 1,Delhi,2481.73,Withdrawal,,2025-04-02 00:23:13.857352
T209070,Branch 1,Delhi,3408.95,Failed,Failed,2025-04-01 21:32:30.869071
T560810,Branch 1,Delhi,319.63,Withdrawal,Success,2025-04-06 16:19:54.736690
T758149,Branch 1,Delhi,745.12,Withdrawal,,2025-04-02 14:07:32.911627
T574692,Branch 1,Delhi,3140.35,Failed,Success,2025-04-05 15:18:57.309397
T987349,Branch 1,Delhi,4832.74,Withdrawal,Success,
T141635,Branch 1,Delhi,3615.8,Transfer,Failed,2025-04-07 15:49:31.193944
T342530,Branch 1,Delhi,3630.82,Failed,Failed,2025-04-07 05:48:36.318873
T680667,Branch 1,Delhi,4486.73,Failed,Failed,2025-04-03 12:08:22.966718
T547913,Branch 1,Delhi,641.36,Failed,Success,2025-04-06 01:47:54.573440
T316509,Branch 1,Delhi,2860.1,,Failed,2025-04-07 22:09:55.086998
T139854,,Delhi,4822.46,Withdrawal,Failed,2025-04-05 10:10:41.948178
,Branch 1,Delhi,2557.48,Deposit,Success,2025-04-06 09:23:09.165530
T248308,Branch 1,Delhi,,Failed,Success,2025-04-05 03:54:50.828871
T867813,Branch 1,Delhi,1244.74,Deposit,Failed,2025-04-02 13:12:36.160679
T606245,Branch 1,Delhi,2318.66,Deposit,Success,2025-04-01 18:44:22.729010
T793987,Branch 1,Delhi,1309.99,Withdrawal,Failed,2025-04-01 21:01:28.423605
T603898,Branch 1,Delhi,4880.07,Deposit,Success,2025-04-07 14:19:18.707069
T459581,Branch 1,Delhi,3316.29,Failed,Failed,2025-04-05 04:13:06.995629
,Branch 1,Delhi,1102.05,Withdrawal,Success,2025-04-03 12:17:27.836730
T730628,Branch 1,Delhi,3141.11,Deposit,Failed,2025-04-07 12:03:17.895189
T742899,Branch 1,Delhi,4193.48,Deposit,Success,2025-04-01 17:01:31.445159
T132512,Branch 1,Delhi,413.49,Transfer,Failed,2025-04-07 19:54:42.744992
T222397,Branch 1,,2492.6,Transfer,Success,2025-04-02 22:38:22.723756
T602626,Branch 1,Delhi,2039.28,Withdrawal,Failed,2025-04-07 14:10:26.925970
T141747,Branch 1,Delhi,,Withdrawal,Success,2025-04-01 18:22:44.813952
,Branch 1,Delhi,3750.67,Withdrawal,Success,2025-04-04 04:37:52.871448
T248013,Branch 1,Delhi,459.77,Transfer,Failed,2025-04-03 15:32:37.862252
T383766,Branch 1,Delhi,1486.84,Failed,Success,2025-04-03 19:00:22.988186
T612358,,Delhi,402.66,Deposit,Failed,2025-04-02 08:00:37.329052
T705305,Branch 1,,2236.44,Deposit,Success,2025-04-04 16:11:55.384716
T273198,Branch 1,Delhi,2295.17,Failed,Failed,2025-04-07 02:17:05.735953
T442327,Branch 1,Delhi,3879.29,Withdrawal,Success,2025-04-04 04:34:39.693057
T987482,Branch 1,Delhi,444.74,Failed,Failed,2025-04-05 14:15:50.020191
T679407,,Delhi,2936.0,Transfer,Failed,2025-04-02 03:40:30.032891
T118560,Branch 1,Delhi,4015.8,,Success,2025-04-03 14:39:49.732198
T813684,Branch 1,Delhi,1863.65,Transfer,Success,2025-04-07 11:44:32.384708
T942849,Branch 1,Delhi,4698.12,Transfer,Success,2025-04-01 10:36:27.955857
T640192,Branch 1,Delhi,4520.82,Deposit,Failed,2025-04-04 02:32:00.393624
T639812,Branch 1,Delhi,3901.31,Deposit,Success,2025-04-02 19:24:19.768542
T488402,Branch 1,Delhi,2441.34,Failed,Failed,2025-04-03 12:23:15.672566
T482685,Branch 1,Delhi,2883.24,Failed,Failed,2025-04-07 05:56:24.445815
T145181,Branch 1,Delhi,,Transfer,Failed,
T898569,Branch 1,Delhi,333.78,Withdrawal,,2025-04-01 16:20:16.332518
T838407,Branch 1,Delhi,4493.75,Failed,Failed,2025-04-04 05:59:29.546873
T125421,Branch 1,Delhi,3082.66,Deposit,Failed,2025-04-05 13:00:22.093003
T131714,Branch 1,Delhi,3995.31,Withdrawal,Success,2025-04-04 07:21:20.910493
T253622,Branch 1,Delhi,334.07,Transfer,Failed,2025-04-03 00:50:01.516822
T689040,Branch 1,Delhi,4418.57,Deposit,Failed,2025-04-06 03:49:23.805389
T299282,Branch 1,Delhi,3214.69,Transfer,Success,2025-04-01 05:09:30.517860
T781863,Branch 1,Delhi,1383.25,Transfer,Failed,2025-04-02 03:55:03.492141
T782140,Branch 1,Delhi,1482.84,,Success,2025-04-03 17:08:51.798425
T102335,Branch 1,Delhi,3585.82,Failed,Success,2025-04-04 15:14:17.269025
T843242,Branch 1,Delhi,3365.89,Deposit,Success,2025-04-05 22:05:06.541235
T593305,Branch 1,Delhi,4695.88,Failed,,2025-04-06 15:19:36.707323
T354907,Branch 1,Delhi,1406.59,Withdrawal,Success,2025-04-07 15:30:47.452541
T389812,Branch 1,Delhi,4045.22,Deposit,Success,2025-04-04 20:35:57.942345
T405170,Branch 1,Delhi,4377.82,,Failed,2025-04-05 13:24:10.354498
T540809,Branch 1,Delhi,3406.38,Deposit,,2025-04-07 05:47:42.886361
T812109,Branch 1,Delhi,,Failed,Failed,2025-04-02 01:53:25.132159
T877737,Branch 1,Delhi,3312.89,Deposit,Failed,2025-04-04 09:26:52.315428
T640895,Branch 1,Delhi,1813.97,Withdrawal,Failed,
T258131,Branch 1,Delhi,1764.13,Withdrawal,Success,2025-04-06 19:40:32.629301
T745970,Branch 1,Delhi,1879.65,Deposit,Failed,2025-04-02 13:36:07.729786
T609662,Branch 1,Delhi,4481.0,Failed,Success,2025-04-03 21:04:40.864586
T811989,Branch 1,Delhi,1192.09,Withdrawal,Success,2025-04-07 13:41:25.585476
,Branch 1,Delhi,4231.66,Deposit,Success,2025-04-07 03:33:51.211002
T277584,Branch 1,Delhi,963.96,Failed,Failed,2025-04-06 13:40:46.110551
T945078,,Delhi,,Withdrawal,Success,2025-04-06 00:51:57.676405
T985652,Branch 1,Delhi,1627.65,Failed,Failed,2025-04-07 12:24:36.985831
T618947,Branch 1,Delhi,4690.28,Transfer,Success,2025-04-02 19:31:48.303735
,Branch 1,Delhi,3867.26,Withdrawal,Failed,2025-04-04 15:04:17.898894
T549236,Branch 1,Delhi,2629.01,Deposit,Success,2025-04-01 10:45:31.552622
T956204,Branch 1,Delhi,3656.44,,Failed,2025-04-02 21:53:21.622351
T286608,Branch 1,Delhi,2862.06,Failed,Success,2025-04-03 09:50:23.674495
T726756,,Delhi,1294.11,,,2025-04-07 05:39:20.994636
,Branch 1,Delhi,492.05,Transfer,Failed,2025-04-05 14:56:34.049677
T151144,Branch 1,Delhi,3948.64,Failed,Failed,2025-04-03 20:31:43.162050
T390969,Branch 1,Delhi,1682.25,,Success,2025-04-03 08:56:09.035472
T555304,Branch 1,Delhi,4560.47,Transfer,Success,2025-04-05 02:01:00.462490
T551816,Branch 1,Delhi,3957.01,Transfer,Failed,2025-04-01 23:06:02.480221
T228466,Branch 1,Delhi,,Deposit,Failed,2025-04-06 07:46:16.634893
T705583,Branch 1,Delhi,4709.03,Deposit,Failed,2025-04-05 09:20:58.008670
T426846,Branch 1,Delhi,1437.47,Transfer,Failed,2025-04-04 06:51:28.251542
T585162,Branch 1,Delhi,4258.65,Withdrawal,Success,2025-04-02 14:10:19.769173
T222678,Branch 1,Delhi,4460.57,Transfer,,2025-04-04 21:48:11.023264
T442179,Branch 1,Delhi,3484.52,Failed,Failed,2025-04-03 03:22:24.193259
T783652,Branch 1,Delhi,1426.12,Withdrawal,Failed,2025-04-05 14:14:43.504529
T148519,Branch 1,Delhi,2661.74,Failed,Success,2025-04-02 15:02:15.395194
T690129,Branch 1,Delhi,2281.3,Withdrawal,Success,2025-04-02 03:18:30.354617
T739808,Branch 1,Delhi,3850.28,Failed,Success,2025-04-03 08:41:28.556643
,Branch 1,Delhi,,Failed,Failed,2025-04-02 19:03:44.773035
T142890,Branch 1,Delhi,2090.43,Transfer,,2025-04-06 19:22:56.258583
T953604,Branch 1,Delhi,341.34,Failed,Success,2025-04-04 09:52:00.311720
T482454,Branch 1,Delhi,3469.47,,Success,2025-04-01 08:01:22.941620
T683778,Branch 1,Delhi,3257.54,Deposit,Success,2025-04-06 22:36:01.020624
T771398,Branch 1,Delhi,834.28,,Success,2025-04-01 04:59:44.594735
T996424,Branch 1,Delhi,1999.07,Withdrawal,Failed,
T505744,Branch 1,Delhi,,Deposit,Failed,2025-04-07 01:27:56.675878
T670767,Branch 1,Delhi,3407.54,Failed,Success,2025-04-05 19:29:09.324010
T185343,Branch 1,Delhi,1877.15,Withdrawal,Failed,2025-04-04 10:44:50.352386
T409197,Branch 1,Delhi,4726.26,Failed,Success,2025-04-03 10:54:43.919746
T164854,Branch 1,Delhi,3796.53,Deposit,Success,2025-04-04 02:35:24.689170
T858718,Branch 1,Delhi,103.44,Failed,Success,2025-04-05 22:48:25.591362
,Branch 1,Delhi,506.13,Withdrawal,,
T847127,Branch 1,Delhi,2244.75,Transfer,Success,2025-04-01 10:46:50.633478
T876818,Branch 1,Delhi,475.17,,Success,2025-04-05 15:52:17.462931
T351282,Branch 1,Delhi,4734.17,Transfer,Success,
T946090,Branch 1,Delhi,1651.59,Failed,Failed,2025-04-06 16:37:15.961771
T428005,,Delhi,3025.75,Deposit,Success,2025-04-01 18:37:53.683351
T887645,Branch 1,Delhi,3298.68,Failed,Success,2025-04-02 04:32:53.626426
T567417,Branch 1,Delhi,2183.89,Withdrawal,Success,2025-04-01 09:00:53.647361
T986666,Branch 1,Delhi,3033.04,Transfer,Failed,2025-04-02 20:18:26.029245
T619255,Branch 1,Delhi,2224.5,Deposit,Failed,2025-04-02 19:48:03.951743
T885405,Branch 1,Delhi,,Withdrawal,Success,2025-04-07 21:59:32.126886
T133361,Branch 1,Delhi,183.81,Withdrawal,Success,2025-04-06 12:05:01.925928
T920497,Branch 1,Delhi,544.82,Transfer,Failed,2025-04-02 02:33:36.639794
T223549,Branch 1,Delhi,3695.88,Withdrawal,Success,2025-04-03 04:30:30.338232
T470345,Branch 1,Delhi,4307.66,Transfer,Failed,2025-04-01 19:42:41.396549
,Branch 1,Delhi,,Failed,Success,2025-04-04 08:17:37.556152
T198195,Branch 1,Delhi,563.63,Deposit,Failed,
,Branch 1,,2145.21,Withdrawal,Failed,2025-04-03 15:40:08.449822
T628081,Branch 1,Delhi,4804.48,Deposit,Success,2025-04-03 18:53:15.209355
T939997,Branch 1,Delhi,4174.96,Transfer,Failed,2025-04-04 14:39:34.278432
T107042,Branch 1,Delhi,3144.31,Transfer,Success,2025-04-07 16:58:10.865728
T625890,Branch 1,Delhi,1158.32,Withdrawal,Success,2025-04-05 22:07:15.432251
T904098,Branch 1,Delhi,,Transfer,Success,2025-04-03 03:08:07.192089
T592486,,Delhi,1558.75,Failed,Failed,2025-04-05 01:47:57.352394
T987130,Branch 1,Delhi,,Withdrawal,Success,2025-04-04 03:43:37.586505
T924142,Branch 1,Delhi,785.0,Withdrawal,Success,2025-04-04 10:53:38.453034
T734629,Branch 1,Delhi,1970.03,Withdrawal,Success,2025-04-03 04:56:30.141992
,Branch 1,Delhi,3289.34,Withdrawal,,2025-04-03 09:17:44.945942
T588567,Branch 1,Delhi,2911.84,Withdrawal,Failed,2025-04-07 17:30:33.864825
T503078,Branch 1,Delhi,4871.0,,,2025-04-01 03:10:12.809180
T723251,Branch 1,Delhi,2621.91,Withdrawal,Success,2025-04-02 19:36:29.829122
T878317,Branch 1,Delhi,1752.06,Failed,Success,2025-04-05 10:56:10.895836
T721827,Branch 1,Delhi,3960.85,Deposit,,2025-04-01 22:29:52.249618
T663001,Branch 1,Delhi,1998.64,Withdrawal,Success,2025-04-06 04:45:44.401360
T821466,Branch 1,Delhi,4340.48,Withdrawal,Success,2025-04-02 05:00:23.658493
T616970,Branch 1,Delhi,343.36,Transfer,Failed,2025-04-04 00:58:48.933891
T798683,Branch 1,Delhi,2026.97,Transfer,Failed,
,Branch 1,Delhi,1677.32,Withdrawal,,2025-04-03 19:24:48.725830
T424344,Branch 1,Delhi,4518.28,Failed,Failed,2025-04-07 06:53:32.738640
T331599,Branch 1,Delhi,223.81,Transfer,Success,2025-04-03 21:16:31.998326
T653827,Branch 1,Delhi,347.5,Failed,Failed,2025-04-04 00:51:51.015290
T854809,Branch 1,Delhi,1419.78,Transfer,Success,2025-04-06 03:06:23.405938
T281078,Branch 1,Delhi,4286.38,Failed,Success,2025-04-02 01:41:30.227599
T703269,Branch 1,Delhi,4117.6,Failed,Failed,2025-04-07 07:44:31.125186
,Branch 1,Delhi,177.61,Withdrawal,Failed,2025-04-05 23:44:09.191663
T402376,Branch 1,Delhi,166.17,Deposit,Failed,2025-04-05 19:36:16.658153
,Branch 1,Delhi,1577.78,Failed,Success,2025-04-04 09:38:37.790522
T568424,Branch 1,Delhi,1096.65,Transfer,Success,2025-04-04 15:13:34.878550
,Branch 1,Delhi,1005.11,Transfer,Success,2025-04-02 03:26:47.986210
T544327,Branch 1,Delhi,855.98,Failed,Success,2025-04-05 18:23:58.435844
T876761,Branch 1,Delhi,989.86,Transfer,Failed,2025-04-06 01:55:48.416739
T899152,Branch 1,Delhi,4867.74,Withdrawal,Success,2025-04-03 07:24:42.993390
T826307,Branch 1,Delhi,3918.13,Transfer,Failed,2025-04-05 23:50:10.646041
T631234,Branch 1,Delhi,1673.21,Deposit,Failed,2025-04-03 18:18:39.612053
T455466,Branch 1,Delhi,1596.64,Deposit,Success,
T995207,Branch 1,Delhi,4348.63,Transfer,Success,2025-04-05 04:50:11.320970
T427826,Branch 1,Delhi,950.34,Deposit,Success,2025-04-02 22:34:56.174130
T668539,Branch 1,Delhi,2529.12,Transfer,Success,2025-04-03 11:36:37.924337
T852513,Branch 1,Delhi,997.01,Deposit,Success,2025-04-01 21:10:48.802330
T426190,Branch 1,Delhi,2977.59,Transfer,Failed,2025-04-04 19:57:15.727779
T439660,Branch 1,Delhi,2962.56,Failed,Failed,2025-04-07 11:37:11.138941
T308483,Branch 1,Delhi,4953.14,Deposit,,2025-04-01 02:05:53.415020
T176873,,Delhi,4716.26,Deposit,Success,2025-04-07 21:47:59.863402
T402539,Branch 1,Delhi,953.0,,Success,2025-04-02 17:51:56.599619
T911533,Branch 1,Delhi,900.71,Failed,Success,2025-04-01 20:57:19.509593
T915193,Branch 1,Delhi,4904.68,Transfer,Failed,2025-04-06 18:25:56.204194
T185987,Branch 1,Delhi,3464.12,Failed,,2025-04-05 01:25:53.923956
T862347,Branch 1,Delhi,205.55,Withdrawal,Success,2025-04-03 17:51:58.951344
T716181,Branch 1,Delhi,4805.57,Transfer,Success,2025-04-03 06:17:22.201894
T699323,Branch 1,Delhi,1764.91,Failed,Failed,2025-04-04 19:42:23.466303
T971821,Branch 1,Delhi,,Failed,Failed,2025-04-02 21:18:59.694015
T969418,Branch 1,Delhi,4878.94,Failed,Failed,2025-04-01 16:54:52.580259
T245634,Branch 1,Delhi,4349.02,Transfer,Failed,2025-04-02 16:07:22.009351
T876299,Branch 1,Delhi,3055.55,Transfer,Failed,2025-04-07 05:59:12.440828
T571714,Branch 1,,4797.49,Withdrawal,Failed,2025-04-07 09:14:10.364962
,Branch 1,Delhi,3539.03,Transfer,Success,2025-04-07 17:24:09.245796
T856168,Branch 1,Delhi,3185.85,Transfer,Failed,2025-04-01 05:57:11.615134
T263028,Branch 1,Delhi,996.96,Withdrawal,Success,2025-04-02 03:48:44.733606
T227843,Branch 1,Delhi,4114.24,Withdrawal,Failed,2025-04-06 02:42:45.674140
T711024,Branch 1,Delhi,4595.23,Transfer,Success,
,Branch 1,Delhi,2208.95,,Failed,2025-04-04 02:19:45.133022
T578110,Branch 1,Delhi,310.95,Failed,Failed,2025-04-05 08:27:42.145770
T168460,Branch 1,Delhi,3717.81,Failed,Success,2025-04-03 08:45:29.228817
T690509,Branch 1,Delhi,,Transfer,Success,2025-04-03 09:46:37.862082
T153199,Branch 1,Delhi,4579.05,Deposit,Failed,2025-04-04 06:45:25.936997
T181696,Branch 1,Delhi,1236.44,Deposit,Success,
T513982,Branch 1,Delhi,2562.62,Withdrawal,Success,
T733897,,Delhi,3908.63,Withdrawal,Failed,
T544639,Branch 1,Delhi,4654.83,Transfer,Failed,2025-04-03 18:06:57.794765
T343035,Branch 1,Delhi,1444.14,Withdrawal,Failed,2025-04-01 09:21:41.550024
T288713,Branch 1,Delhi,4463.92,Failed,Failed,
T728426,Branch 1,Delhi,587.2,Deposit,Failed,2025-04-04 01:39:03.639104
T275542,Branch 1,Delhi,,,Failed,2025-04-05 15:32:10.471116
T675895,Branch 1,Delhi,218.72,Transfer,Success,2025-04-05 04:29:50.077178
T444678,Branch 1,Delhi,1642.58,Withdrawal,,2025-04-04 06:39:56.422499
T992436,Branch 1,Delhi,399.06,Withdrawal,Success,2025-04-07 21:02:57.191015
T497799,Branch 1,Delhi,3898.11,Withdrawal,Success,2025-04-07 12:47:33.812201
,Branch 1,Delhi,1642.11,Deposit,Failed,2025-04-05 15:02:35.744692
,Branch 1,Delhi,2829.88,Withdrawal,Success,2025-04-05 18:58:07.386058
,Branch 1,Delhi,181.43,Transfer,Failed,2025-04-03 07:55:50.445064
T507970,Branch 1,Delhi,4287.92,Transfer,Failed,2025-04-05 00:21:37.981374
T386569,Branch 1,Delhi,1486.97,Transfer,Success,2025-04-05 15:47:40.901960
T199608,Branch 1,Delhi,3561.44,,,2025-04-02 15:21:38.992920
T732671,Branch 1,Delhi,1229.45,Transfer,Success,2025-04-07 22:46:27.447574
T468314,Branch 1,Delhi,495.33,Transfer,Success,2025-04-02 00:40:34.319127
T906260,Branch 1,Delhi,3496.59,Transfer,Success,2025-04-02 10:25:53.568177
T909744,Branch 1,Delhi,4695.09,Transfer,Success,2025-04-06 11:27:21.169810
T688957,Branch 1,Delhi,1864.73,Withdrawal,Success,2025-04-02 18:59:07.342198
T621177,Branch 1,Delhi,,Deposit,Success,2025-04-01 02:57:26.211524
,Branch 1,Delhi,4709.44,Deposit,Failed,2025-04-01 07:12:11.095222
T197119,Branch 1,Delhi,2505.09,Withdrawal,Failed,2025-04-02 04:27:45.966398
T994230,Branch 1,Delhi,4781.27,Failed,Success,2025-04-04 04:00:47.142106
T488253,Branch 1,Delhi,3651.85,,Failed,2025-04-02 20:24:36.556111
,Branch 1,Delhi,4400.09,,Success,2025-04-02 17:18:11.795827
T764410,Branch 1,Delhi,2116.68,Withdrawal,Success,2025-04-02 08:06:39.299181
T353273,Branch 1,Delhi,2933.1,Deposit,Failed,2025-04-03 07:04:08.458104
T921777,Branch 1,Delhi,3555.04,Failed,Failed,2025-04-02 18:14:33.176414
T200177,Branch 1,Delhi,2485.15,Failed,Failed,
T151387,Branch 1,Delhi,2326.73,Failed,Success,2025-04-04 18:49:20.365810
T252800,Branch 1,Delhi,,Deposit,Failed,2025-04-06 05:04:51.849222
T869994,Branch 1,Delhi,1892.35,,Success,2025-04-03 17:30:21.059765
T451449,Branch 1,Delhi,654.39,,Success,2025-04-05 23:24:19.140995
T371807,Branch 1,Delhi,2242.46,Withdrawal,Failed,2025-04-05 16:42:13.385166
T272090,Branch 1,Delhi,4407.52,Deposit,Failed,2025-04-03 14:08:27.773814
T358312,Branch 1,Delhi,3119.32,Failed,Failed,2025-04-07 01:59:03.045492
T965605,Branch 1,Delhi,4951.77,Failed,Failed,2025-04-02 08:06:12.678470
T537658,Branch 1,Delhi,3356.65,Failed,Success,2025-04-06 23:16:48.335224
T463922,Branch 1,Delhi,733.36,Transfer,Failed,2025-04-02 04:32:11.161848
T902120,Branch 1,Delhi,3670.88,Deposit,Success,2025-04-02 04:32:35.885432
T514504,Branch 1,Delhi,2060.06,Withdrawal,Success,2025-04-07 04:21:41.075470
T943881,Branch 1,Delhi,2987.65,Failed,Success,2025-04-05 15:05:59.258386
T701922,Branch 1,Delhi,2147.8,Transfer,Success,2025-04-06 14:47:39.495291
T450447,Branch 1,Delhi,930.73,Transfer,Success,2025-04-02 09:36:42.526510
T684377,Branch 1,Delhi,174.81,,Failed,
,Branch 1,Delhi,2300.49,Deposit,Failed,2025-04-04 18:14:33.140341
T945489,Branch 1,Delhi,3545.1,Failed,Failed,2025-04-06 15:42:43.397957
T703727,Branch 1,Delhi,,Transfer,Failed,2025-04-04 19:28:56.027452
T759038,Branch 1,Delhi,1703.12,Transfer,Failed,2025-04-06 04:26:29.688930
T719808,Branch 1,Delhi,1306.89,Deposit,Success,2025-04-06 10:25:17.434680
T524784,Branch 1,Delhi,524.89,Deposit,,2025-04-03 03:32:37.772650
T283977,Branch 1,Delhi,1464.17,Withdrawal,Success,2025-04-02 13:30:58.771402
T138527,Branch 1,Delhi,2575.23,Failed,Failed,2025-04-04 10:36:09.995019
,Branch 1,Delhi,1942.55,Failed,Failed,2025-04-03 09:07:54.472680
,Branch 1,Delhi,970.82,Withdrawal,Success,2025-04-04 10:01:16.882133
T995307,Branch 1,Delhi,1328.0,Failed,Success,2025-04-05 09:59:08.501155
,Branch 1,Delhi,204.75,Deposit,Success,2025-04-05 10:34:21.031020
T503045,Branch 1,Delhi,354.04,Failed,Success,2025-04-02 03:54:46.149681
T853598,Branch 1,Delhi,1616.01,Deposit,Success,2025-04-02 10:54:41.351233
T569304,Branch 1,Delhi,2239.47,Deposit,Success,2025-04-02 15:46:54.366311
T950863,Branch 1,Delhi,2294.93,Deposit,Success,2025-04-05 01:20:44.629618
T914614,Branch 1,Delhi,3646.12,Deposit,Failed,2025-04-04 09:36:31.502027
T900696,Branch 1,Delhi,2428.8,Withdrawal,Success,2025-04-06 13:27:10.830068
T867468,Branch 1,Delhi,1422.47,Withdrawal,Failed,2025-04-01 09:50:26.966190
T517159,Branch 1,Delhi,374.7,Transfer,Failed,2025-04-07 02:05:03.295776
T290813,Branch 1,Delhi,,Withdrawal,Failed,2025-04-04 12:11:28.197351
T485477,Branch 1,Delhi,1251.76,,Failed,2025-04-04 20:22:26.183778
T973460,Branch 1,Delhi,2326.18,Failed,Success,2025-04-02 07:14:29.575007
,Branch 1,Delhi,2192.07,,Failed,2025-04-01 20:53:10.962253
T104235,Branch 1,Delhi,,Transfer,Failed,
,Branch 1,Delhi,4275.42,Transfer,Success,2025-04-05 02:14:59.790951
T864303,Branch 1,Delhi,2409.68,Failed,Failed,
T385923,Branch 1,Delhi,4381.02,Transfer,Failed,2025-04-06 22:03:17.604302
T794040,Branch 1,Delhi,,Withdrawal,Success,2025-04-06 15:04:43.544940
T313241,Branch 1,Delhi,1443.97,Transfer,Failed,2025-04-03 22:29:41.353630
T358030,Branch 1,Delhi,2742.68,Withdrawal,Success,2025-04-01 23:21:16.477501
T276792,Branch 1,Delhi,,Failed,Success,2025-04-07 02:10:11.554569
T110390,Branch 1,Delhi,3597.87,Deposit,Success,2025-04-03 14:51:57.621108
T115400,Branch 1,Delhi,,Deposit,Success,2025-04-04 05:13:11.137738
T697145,Branch 1,Delhi,4997.56,,Failed,2025-04-01 07:21:58.833219
T465520,Branch 1,Delhi,2431.91,Deposit,Failed,2025-04-03 09:19:01.341899
T999178,Branch 1,Delhi,3989.78,Withdrawal,Success,2025-04-01 03:43:49.510807
T354995,Branch 1,Delhi,3764.65,Transfer,Failed,2025-04-05 01:05:12.199537
T840083,Branch 1,Delhi,,Transfer,Failed,2025-04-05 05:26:16.097248
T485056,Branch 1,Delhi,954.46,Transfer,Failed,2025-04-07 23:10:10.557480
,Branch 1,Delhi,4301.39,Deposit,Failed,2025-04-01 13:51:36.199407
T289489,Branch 1,Delhi,1474.91,Withdrawal,Failed,2025-04-03 14:12:03.641896
T277163,Branch 1,Delhi,4873.51,,Success,2025-04-02 11:46:13.738768
T947991,Branch 1,Delhi,164.02,Transfer,Success,2025-04-07 17:46:51.625573
T972404,Branch 1,Delhi,2023.47,Deposit,Failed,2025-04-05 00:33:50.678633
T549703,Branch 1,Delhi,1772.86,Withdrawal,Failed,
,Branch 1,Delhi,2084.3,,Failed,2025-04-05 12:13:53.277318
T983739,Branch 1,Delhi,4718.04,Transfer,Success,2025-04-06 01:59:02.651624
T124527,Branch 1,Delhi,3726.35,,Failed,2025-04-07 11:12:06.640497
T401909,Branch 1,Delhi,543.26,Deposit,Success,2025-04-06 04:25:07.615136
T833766,Branch 1,Delhi,2428.38,Deposit,Success,2025-04-06 18:28:19.702682
T956470,Branch 1,Delhi,136.34,Withdrawal,Failed,2025-04-04 21:22:26.665947
T126618,Branch 1,Delhi,1497.38,Deposit,Success,2025-04-06 21:30:51.640614
T454814,Branch 1,Delhi,4398.5,Deposit,Success,2025-04-07 21:42:18.624234
,Branch 1,Delhi,1030.01,Withdrawal,Failed,2025-04-02 12:11:05.375966
T452108,Branch 1,Delhi,3767.15,Failed,Failed,2025-04-03 15:07:18.872278
,Branch 1,Delhi,2117.42,Failed,Failed,2025-04-01 13:48:47.054469
T642078,Branch 1,Delhi,4938.37,Transfer,Failed,2025-04-07 21:48:27.865711
T564087,Branch 1,Delhi,1641.94,Withdrawal,Success,2025-04-05 00:41:45.971699
T412530,Branch 1,Delhi,1276.25,Failed,Failed,2025-04-06 02:18:39.305308
T262939,Branch 1,Delhi,1743.56,Failed,Failed,2025-04-01 10:29:15.257846
T189368,Branch 1,Delhi,3575.13,Withdrawal,,2025-04-06 17:09:37.964985
T213937,Branch 1,Delhi,3927.92,Failed,Success,
T765319,Branch 1,Delhi,820.42,Withdrawal,Success,2025-04-03 17:54:15.693200
,Branch 1,Delhi,2430.17,Deposit,Failed,2025-04-06 20:04:04.271654
T165195,Branch 1,Delhi,,Transfer,Failed,
T808145,Branch 1,Delhi,4398.04,Deposit,Success,2025-04-06 02:15:49.366967
T655220,Branch 1,Delhi,3696.71,Deposit,Failed,2025-04-02 11:13:00.597244
T880183,Branch 1,Delhi,2146.21,Withdrawal,Success,2025-04-07 05:37:35.041388
T190451,Branch 1,Delhi,1376.19,Deposit,Success,2025-04-07 23:08:49.968330
T304311,,Delhi,2193.13,,Failed,2025-04-05 15:23:09.865481
T825834,Branch 1,Delhi,2222.26,Withdrawal,Success,2025-04-04 06:01:11.435224
T592199,Branch 1,Delhi,3239.74,Failed,Failed,2025-04-06 09:43:56.386219
T959753,Branch 1,Delhi,,Withdrawal,Failed,2025-04-06 16:55:10.527645
T871022,Branch 1,Delhi,258.8,Failed,Success,2025-04-04 01:52:08.327852
,Branch 1,Delhi,3380.53,Withdrawal,Success,2025-04-07 01:07:43.145876
T391959,Branch 1,Delhi,1688.28,Failed,Failed,2025-04-05 18:01:53.613555
T416665,Branch 1,Delhi,2321.38,,Failed,2025-04-04 11:32:09.181514
T947617,Branch 1,Delhi,4596.59,Deposit,Success,2025-04-07 15:33:46.304556
T866418,Branch 1,Delhi,1802.23,Failed,Failed,2025-04-02 03:32:10.431820
T994941,Branch 1,Delhi,4782.25,Deposit,Success,2025-04-04 08:50:12.426442
T869286,Branch 1,Delhi,2268.66,Failed,Success,2025-04-01 08:06:30.784505
T712629,Branch 1,Delhi,990.57,Failed,Failed,2025-04-07 19:15:22.729148
T751066,Branch 1,Delhi,358.66,Transfer,Success,2025-04-07 08:38:29.804565
T384497,Branch 1,Delhi,1547.39,Withdrawal,Failed,2025-04-07 20:49:26.576424
T504999,Branch 1,Delhi,2956.5,Transfer,Success,2025-04-07 02:40:21.944762
T672063,Branch 1,Delhi,,Deposit,Failed,2025-04-06 23:27:04.633968
T124832,Branch 1,Delhi,3413.79,Failed,Failed,2025-04-07 14:06:57.375905
T473109,Branch 1,Delhi,4202.22,Withdrawal,Success,2025-04-05 07:02:26.677421
,Branch 1,Delhi,2425.94,Deposit,Success,2025-04-02 13:00:20.244360
T125208,Branch 1,,4769.16,Withdrawal,Failed,2025-04-01 09:17:43.477093
T152164,,Delhi,1300.86,Deposit,Failed,2025-04-03 03:54:04.469646
T850083,Branch 1,Delhi,2962.58,Transfer,Failed,2025-04-07 17:54:00.640351
T730507,Branch 1,Delhi,,Transfer,Failed,2025-04-07 13:25:44.727496
T339757,Branch 1,Delhi,2439.08,Transfer,Failed,2025-04-03 04:08:04.322682
T632006,Branch 1,Delhi,1685.89,Deposit,,2025-04-01 13:29:46.168879
T623132,Branch 1,Delhi,1652.2,Deposit,,2025-04-04 18:30:44.768098
T901901,Branch 1,Delhi,3252.74,Deposit,Success,2025-04-07 06:01:04.412712
T676532,Branch 1,Delhi,2326.0,Transfer,Failed,2025-04-01 06:55:42.305359
T751545,Branch 1,Delhi,2016.6,Failed,Failed,2025-04-03 07:40:44.106316
T991223,Branch 1,Delhi,4881.1,Deposit,Success,2025-04-07 07:10:09.237899
T197261,Branch 1,Delhi,3775.31,Deposit,Success,2025-04-07 11:03:05.783455
T999312,Branch 1,Delhi,3225.97,Failed,Success,2025-04-05 05:56:28.175202
T384721,Branch 1,Delhi,2165.49,Transfer,,2025-04-01 00:28:24.293535
T487371,Branch 1,Delhi,1863.49,Withdrawal,Failed,2025-04-03 12:51:30.270595
T693051,Branch 1,Delhi,4654.61,,Success,2025-04-01 05:53:58.886073
T923880,Branch 1,Delhi,1010.1,Deposit,Failed,2025-04-06 16:39:43.688285
T488239,Branch 1,Delhi,,Deposit,Failed,2025-04-04 23:05:31.384149
T156724,Branch 1,Delhi,2145.25,Deposit,Failed,2025-04-04 18:11:26.354200
T450846,Branch 1,Delhi,1294.13,Transfer,Failed,2025-04-05 12:12:19.737427
T646497,Branch 1,Delhi,883.52,Withdrawal,Failed,2025-04-05 20:47:33.790169
T265841,Branch 1,Delhi,3647.65,Failed,,2025-04-03 19:07:05.768669
T632843,Branch 1,Delhi,175.61,Failed,Success,2025-04-06 16:39:49.216903
T198314,Branch 1,Delhi,3326.16,Transfer,Success,2025-04-05 01:37:02.881394
T920145,Branch 1,Delhi,4698.34,Withdrawal,Failed,2025-04-01 01:56:59.342572
T710313,Branch 1,Delhi,625.48,Withdrawal,Failed,2025-04-07 04:06:18.334976
T704327,Branch 1,Delhi,3183.96,,Success,2025-04-07 18:53:17.860254
T134024,Branch 1,Delhi,3066.88,,Failed,2025-04-01 22:56:53.017192
T587354,Branch 1,Delhi,2917.2,Withdrawal,Failed,2025-04-01 11:27:03.005053
T476329,Branch 1,Delhi,1854.63,Transfer,Failed,2025-04-04 23:13:18.427714
T118113,Branch 1,Delhi,1251.94,Withdrawal,Success,2025-04-03 23:28:05.631168
T357974,Branch 1,Delhi,3465.01,Deposit,Failed,2025-04-04 21:43:12.623430
T414853,Branch 1,Delhi,1368.3,Deposit,Failed,2025-04-01 13:50:41.511470
T132660,Branch 1,Delhi,204.84,Deposit,Failed,2025-04-06 15:18:48.886871
T145712,Branch 1,Delhi,1057.41,Deposit,Failed,2025-04-04 23:00:05.955918
T601013,Branch 1,Delhi,4627.26,Failed,Success,2025-04-06 10:20:24.842237
T666190,Branch 1,Delhi,2563.5,Withdrawal,,2025-04-02 21:16:28.431140
T199185,,Delhi,3964.28,Deposit,Success,2025-04-06 07:00:53.940639
T756203,Branch 1,Delhi,1708.53,Failed,Failed,2025-04-05 02:42:49.276402
T321696,Branch 1,Delhi,2403.29,,Success,2025-04-01 04:38:50.030151
T532496,Branch 1,Delhi,286.0,Failed,Success,2025-04-06 22:18:06.640325
T425159,Branch 1,Delhi,3084.6,Withdrawal,Success,2025-04-01 08:02:08.338222
T104108,,Delhi,1532.1,Withdrawal,Failed,2025-04-04 09:53:23.274146
T458094,Branch 1,Delhi,1472.6,Deposit,Failed,2025-04-02 23:42:59.283968
T821717,Branch 1,Delhi,2428.18,Withdrawal,Failed,2025-04-07 02:49:02.507586
T329646,Branch 1,Delhi,126.19,Withdrawal,Success,2025-04-01 07:00:34.726157
T982497,Branch 1,Delhi,3516.02,Deposit,Success,2025-04-03 03:23:35.577687
,Branch 1,Delhi,3894.26,Transfer,Success,2025-04-06 06:13:34.958079
T527848,Branch 1,Delhi,2425.66,Withdrawal,Failed,2025-04-03 08:32:49.792047
T590029,Branch 1,Delhi,2367.0,Transfer,Success,2025-04-04 21:50:14.450481
T677710,Branch 1,Delhi,3874.51,Deposit,Success,2025-04-04 16:47:13.433378
T452832,Branch 1,Delhi,3560.54,Failed,Success,2025-04-02 07:39:53.752989
T322997,Branch 1,Delhi,2293.49,Failed,Success,2025-04-06 04:56:46.956367
T881237,Branch 1,Delhi,,Withdrawal,Success,2025-04-05 13:46:24.680336
,Branch 1,Delhi,2324.4,,Success,2025-04-05 21:43:42.013656
,Branch 1,Delhi,1778.61,Deposit,Failed,2025-04-03 11:21:29.749796
T412488,Branch 1,Delhi,1746.53,Deposit,,2025-04-06 01:38:28.751526
T932774,Branch 1,Delhi,1558.79,Withdrawal,Failed,2025-04-07 21:08:56.568411
T632538,Branch 1,Delhi,2990.55,Transfer,Success,2025-04-02 15:03:39.272902
T647697,Branch 1,Delhi,3500.57,Failed,Success,
T340966,Branch 1,Delhi,,Failed,Failed,2025-04-07 19:37:25.340016
T291524,Branch 1,Delhi,3636.37,Deposit,Failed,2025-04-05 20:07:31.990710
T906435,Branch 1,Delhi,2316.73,Deposit,Success,2025-04-04 02:08:15.850693
T429625,Branch 1,Delhi,3788.62,Deposit,Success,2025-04-03 05:24:22.920081
T209131,Branch 1,Delhi,3971.16,Deposit,Failed,2025-04-06 18:12:31.466130
T113078,Branch 1,Delhi,1033.32,,Failed,2025-04-05 00:17:12.035069
T225376,Branch 1,Delhi,2122.44,Withdrawal,Success,2025-04-07 02:49:35.539146
,Branch 1,Delhi,,Transfer,Success,2025-04-04 10:27:32.698079
T434650,Branch 1,Delhi,4644.66,Deposit,Success,2025-04-01 12:05:21.828865
T866227,Branch 1,Delhi,3090.9,Failed,Failed,2025-04-03 18:23:21.624530
T608015,Branch 1,Delhi,3888.52,Transfer,Failed,2025-04-04 13:34:56.328361
T407205,Branch 1,Delhi,1436.89,Transfer,Success,2025-04-02 16:44:02.842460
T806027,Branch 1,Delhi,2071.33,Withdrawal,Failed,2025-04-02 19:17:21.134487
T360183,Branch 1,Delhi,3175.29,Transfer,,2025-04-06 00:35:06.538515
T367592,Branch 1,Delhi,4369.92,Deposit,Success,2025-04-02 14:50:42.615094
T289327,Branch 1,Delhi,4595.98,Transfer,Failed,2025-04-07 10:45:06.175388
T756370,Branch 1,Delhi,277.2,Withdrawal,Success,2025-04-02 10:51:06.786890
T484930,Branch 1,Delhi,4824.42,Deposit,Failed,2025-04-04 06:15:13.182806
T111300,Branch 1,Delhi,4081.76,Withdrawal,Failed,2025-04-07 03:52:04.041986
T862239,Branch 1,Delhi,4701.76,Failed,Success,
T714603,Branch 1,Delhi,913.91,Withdrawal,Success,2025-04-03 22:58:12.531345
,Branch 1,Delhi,2768.57,Failed,Success,2025-04-07 06:43:55.332654
T135331,Branch 1,Delhi,2983.16,Withdrawal,Success,2025-04-01 02:44:28.664854
,Branch 1,Delhi,208.96,Deposit,Success,2025-04-04 05:08:59.280989
T999613,Branch 1,Delhi,2442.62,Transfer,Success,2025-04-02 07:36:00.876195
T711821,Branch 1,Delhi,2856.68,Withdrawal,Success,2025-04-07 00:58:48.750412
T900809,Branch 1,Delhi,526.74,Deposit,Failed,2025-04-04 09:59:44.016401
T266461,Branch 1,Delhi,2152.91,Withdrawal,Failed,2025-04-07 20:13:43.050162
T816684,Branch 1,Delhi,3772.49,Withdrawal,Success,2025-04-05 14:14:39.136686
T480937,Branch 1,Delhi,4825.74,Transfer,Failed,2025-04-03 14:40:17.444120
T337916,Branch 1,Delhi,,Withdrawal,Success,2025-04-06 18:18:51.145612
T751997,Branch 1,Delhi,,Withdrawal,Success,2025-04-06 01:12:16.813851
T375110,,Delhi,3968.6,Withdrawal,Success,2025-04-04 11:48:43.925659
T833801,Branch 1,,,Transfer,Failed,2025-04-04 18:49:49.522656
T800797,,Delhi,2396.48,Transfer,Success,2025-04-04 14:58:04.886880
T132631,Branch 1,Delhi,1809.1,,Failed,2025-04-04 19:36:58.059329
T874806,,Delhi,2103.65,Failed,Success,2025-04-01 21:30:19.355208
T195870,Branch 1,Delhi,361.04,Withdrawal,Failed,2025-04-06 23:21:36.185291
T373912,Branch 1,Delhi,1413.84,Failed,Success,2025-04-02 07:46:53.183480
T917274,Branch 1,Delhi,271.88,,Failed,2025-04-04 10:52:37.336005
T531008,Branch 1,Delhi,669.78,,Success,2025-04-01 16:54:34.999066
T670351,Branch 1,Delhi,2625.21,Failed,Success,2025-04-07 18:18:35.677179
T260013,Branch 1,Delhi,1712.65,Deposit,,2025-04-02 19:03:30.326698
T185882,Branch 1,Delhi,1939.54,Transfer,Success,2025-04-01 18:04:48.136748
T780856,Branch 1,Delhi,,Transfer,Success,2025-04-02 21:04:16.061338
T642414,Branch 1,Delhi,4582.02,Withdrawal,Failed,2025-04-03 05:51:19.139893
T949212,Branch 1,Delhi,,Deposit,Success,
T443165,Branch 1,Delhi,4867.15,,Failed,2025-04-07 20:21:00.508662
T953123,Branch 1,Delhi,,Transfer,Success,2025-04-05 00:25:28.953177
T627700,Branch 1,Delhi,4974.25,Withdrawal,Success,2025-04-02 08:50:29.935104
T425523,Branch 1,Delhi,2902.09,Deposit,Failed,2025-04-03 16:42:45.582691
T767712,Branch 1,Delhi,3065.68,Transfer,Success,2025-04-04 05:21:50.739598
T268902,Branch 1,Delhi,1853.23,Transfer,Failed,2025-04-03 11:36:02.046941
T866273,Branch 1,Delhi,3706.83,Failed,Success,2025-04-01 14:12:31.847951
T531525,Branch 1,Delhi,1811.23,Deposit,Failed,2025-04-01 19:37:07.829555
T206855,Branch 1,Delhi,3690.83,Transfer,Success,2025-04-04 04:43:06.411810
T382374,Branch 1,Delhi,,Failed,Failed,2025-04-02 20:35:38.133272
,Branch 1,Delhi,2068.74,Transfer,Success,2025-04-01 11:00:45.896078
T676566,Branch 1,Delhi,4255.07,,Failed,2025-04-06 09:14:52.462778
T683955,Branch 1,Delhi,1190.2,Transfer,Success,2025-04-05 13:44:53.319648
T233180,,Delhi,4513.58,Transfer,Failed,2025-04-03 17:44:04.644364
T234289,Branch 1,Delhi,3798.69,Deposit,Failed,2025-04-05 08:01:19.015866
T116732,Branch 1,Delhi,1039.66,Withdrawal,Failed,2025-04-01 05:36:02.173655
,Branch 1,Delhi,4014.27,Deposit,Failed,2025-04-01 01:14:35.049017
T750853,Branch 1,Delhi,430.98,Withdrawal,Failed,2025-04-07 07:47:12.471337
T417885,,Delhi,484.15,Transfer,Failed,2025-04-06 18:11:32.590098
T793924,Branch 1,Delhi,3740.67,Transfer,Failed,2025-04-02 07:54:15.686621
T885584,Branch 1,Delhi,710.24,Deposit,Success,2025-04-02 00:25:08.764438
T773428,Branch 1,Delhi,,Deposit,Success,2025-04-01 20:19:54.052620
T873485,Branch 1,Delhi,1380.65,Failed,Failed,2025-04-07 09:32:17.959637
T134789,Branch 1,Delhi,311.7,Failed,Failed,2025-04-07 19:05:43.267104
T874577,Branch 1,Delhi,1001.9,,Failed,2025-04-05 16:28:58.989858
T850093,Branch 1,Delhi,,Withdrawal,Failed,2025-04-03 14:06:04.047829
T761953,Branch 1,Delhi,2051.34,Deposit,Success,2025-04-06 23:39:49.965693
T559636,Branch 1,Delhi,4283.38,Withdrawal,Success,2025-04-07 23:58:28.625627
T830621,Branch 1,Delhi,4755.69,Deposit,Success,2025-04-01 11:57:58.848301
T843343,Branch 1,Delhi,664.76,Withdrawal,Success,2025-04-01 21:16:06.125782
T673827,Branch 1,Delhi,4539.61,Withdrawal,Success,2025-04-01 09:58:57.604029
T350351,,Delhi,2396.94,Transfer,,2025-04-03 04:21:49.291341
T320232,Branch 1,Delhi,1349.67,,Failed,2025-04-04 08:19:38.858430
T477668,Branch 1,Delhi,4520.13,Failed,Failed,
T462579,Branch 1,Delhi,700.09,Deposit,Failed,2025-04-01 03:16:04.884723
T461398,Branch 1,Delhi,102.14,Deposit,Failed,2025-04-03 11:09:40.604132
T984674,Branch 1,,4232.56,Deposit,Success,2025-04-05 09:58:28.850538
T256942,Branch 1,Delhi,4334.83,Failed,,2025-04-02 12:36:37.459735
T818887,Branch 1,Delhi,,Deposit,Failed,2025-04-04 06:01:36.206480
T480586,,Delhi,336.77,,Failed,2025-04-05 01:04:29.103285
T718039,Branch 1,Delhi,,Failed,Failed,2025-04-05 13:16:42.100652
T221846,Branch 1,Delhi,4209.74,Failed,Failed,2025-04-01 17:17:22.887484
T677648,Branch 1,Delhi,2680.48,Failed,Failed,
,Branch 1,Delhi,,Withdrawal,Failed,2025-04-05 14:01:50.697991
T599823,Branch 1,Delhi,2579.83,Deposit,Success,2025-04-05 20:46:11.017599
T567920,Branch 1,Delhi,2310.24,Failed,Failed,2025-04-06 12:58:01.533871
T517930,Branch 1,Delhi,2193.69,Withdrawal,Failed,2025-04-06 10:02:09.655732
T534907,,Delhi,4679.03,Deposit,Success,2025-04-06 21:44:05.220102
T222749,Branch 1,Delhi,3794.17,,Success,2025-04-06 04:14:54.950275
,Branch 1,Delhi,1810.17,Failed,Success,2025-04-03 16:44:22.944346
T489515,Branch 1,Delhi,3924.02,Transfer,Failed,2025-04-04 07:03:42.244881
T367806,Branch 1,Delhi,2407.71,,Failed,2025-04-05 02:42:57.624860
T141699,Branch 1,,4795.81,Deposit,Success,2025-04-07 14:07:12.131553
T246747,Branch 1,Delhi,499.59,Deposit,Success,2025-04-03 11:59:31.715532
,Branch 1,Delhi,1275.95,Withdrawal,Failed,2025-04-01 12:23:35.553768
T848141,Branch 1,Delhi,4859.59,Transfer,,2025-04-05 17:26:18.236280
T747924,Branch 1,,4764.03,Failed,Success,2025-04-05 20:53:23.749995
T450171,Branch 1,Delhi,1600.63,Failed,Success,2025-04-05 18:18:17.120183
T971766,Branch 1,,,Deposit,Success,
T366308,Branch 1,Delhi,689.47,Withdrawal,Success,2025-04-03 14:09:01.993829
T857600,,Delhi,4886.78,,Success,2025-04-03 09:04:50.421890
,Branch 1,Delhi,2825.56,Deposit,Success,2025-04-07 20:39:58.478423
T249071,Branch 1,Delhi,2974.76,Deposit,Success,2025-04-05 06:05:30.484967
T157257,Branch 1,Delhi,298.76,Deposit,Success,2025-04-05 18:34:15.277254
T141028,Branch 1,Delhi,495.02,Transfer,Success,2025-04-05 17:18:26.364970
,Branch 1,Delhi,108.03,Transfer,Success,2025-04-06 15:36:54.896959
T781822,Branch 1,Delhi,4026.79,Withdrawal,Success,2025-04-01 12:41:29.515508
T682961,Branch 1,Delhi,2887.62,Withdrawal,,2025-04-04 00:59:25.825046
T455842,Branch 1,Delhi,3800.22,Withdrawal,Failed,
T501618,Branch 1,,3287.87,Deposit,Failed,2025-04-06 12:19:42.387180
T580953,Branch 1,Delhi,2409.27,Withdrawal,Success,2025-04-01 13:27:17.085892
T333400,Branch 1,Delhi,3439.77,Failed,Success,2025-04-03 05:56:00.211761
T543448,Branch 1,Delhi,943.03,Deposit,Success,2025-04-07 06:13:52.914252
T302584,Branch 1,Delhi,1676.1,Deposit,Success,2025-04-04 05:01:22.166776
T520375,Branch 1,Delhi,1302.32,Deposit,Success,2025-04-04 16:46:29.792497
T114848,Branch 1,Delhi,771.15,Deposit,Success,2025-04-07 14:21:04.855323
T685782,Branch 1,Delhi,4939.89,Deposit,Failed,2025-04-03 19:23:15.963385
T598754,Branch 1,Delhi,643.59,Deposit,Success,2025-04-06 06:13:16.618826
,Branch 1,Delhi,3496.45,Withdrawal,Failed,2025-04-07 02:00:24.915567
T344577,Branch 1,Delhi,2261.27,Deposit,Success,2025-04-04 18:44:43.804422
T914497,Branch 1,Delhi,4653.34,Deposit,Failed,2025-04-01 16:57:14.070160
T998207,Branch 1,Delhi,281.6,Withdrawal,Success,2025-04-05 00:57:41.990210
T242076,Branch 1,Delhi,,Withdrawal,Failed,2025-04-06 01:42:41.882926
T624567,Branch 1,Delhi,,Withdrawal,Failed,2025-04-03 14:43:47.995354
T144724,Branch 1,Delhi,3002.56,Withdrawal,Failed,2025-04-06 04:31:56.432728
T797663,Branch 1,Delhi,4209.01,Failed,Failed,2025-04-05 20:37:40.776251
T952333,Branch 1,Delhi,2816.37,Transfer,Success,2025-04-07 00:15:36.841371
T238575,Branch 1,Delhi,2414.12,Withdrawal,Failed,2025-04-01 04:21:15.037029
T766643,Branch 1,Delhi,3078.17,,,2025-04-02 07:51:33.310008
T884887,Branch 1,Delhi,2730.54,Withdrawal,,2025-04-07 22:22:10.668970
T957592,Branch 1,Delhi,3302.12,Transfer,,2025-04-03 11:04:42.327345
T176953,Branch 1,Delhi,3208.56,,Success,2025-04-01 10:43:35.855749
T725347,,Delhi,4993.45,Failed,Success,2025-04-02 20:51:01.325011
T297333,Branch 1,Delhi,365.56,Deposit,Failed,2025-04-03 00:54:53.160573
T329838,Branch 1,Delhi,3170.61,Deposit,Failed,2025-04-03 02:30:49.151346
T702794,,Delhi,,Deposit,Failed,2025-04-07 01:33:08.940304
T460334,Branch 1,Delhi,4404.28,Transfer,Failed,2025-04-02 15:59:44.906111
T137963,Branch 1,Delhi,2727.23,Withdrawal,Success,2025-04-05 12:26:56.151325
T532243,Branch 1,Delhi,2390.97,Withdrawal,Failed,2025-04-02 14:19:13.241191
T384768,Branch 1,Delhi,3363.1,Withdrawal,Failed,
T321988,Branch 1,Delhi,4711.19,Transfer,Failed,2025-04-07 15:17:14.603525
,Branch 1,Delhi,2765.22,Withdrawal,,2025-04-04 11:20:50.806971
T727874,Branch 1,Delhi,896.77,Transfer,Failed,2025-04-01 02:56:51.404303
T716744,Branch 1,Delhi,1842.53,Transfer,Success,2025-04-06 22:17:13.011776
T786515,Branch 1,Delhi,3413.26,Deposit,Failed,2025-04-05 10:35:38.024615
T586373,,Delhi,2504.51,Withdrawal,Success,2025-04-01 03:49:01.611957
T554036,Branch 1,Delhi,2480.18,Withdrawal,Failed,2025-04-02 12:41:43.779242
T571293,Branch 1,Delhi,975.86,Failed,Success,
T731472,Branch 1,Delhi,2947.5,Deposit,Failed,2025-04-07 22:11:18.196078
,Branch 1,Delhi,4042.03,Failed,Failed,2025-04-03 16:38:26.133630
T731460,Branch 1,Delhi,2344.58,Deposit,Failed,2025-04-07 18:20:37.823702
T277986,Branch 1,Delhi,1867.13,Failed,Success,2025-04-04 03:04:45.694982
T144231,Branch 1,Delhi,2080.77,Failed,Failed,2025-04-01 14:51:11.799320
T749287,Branch 1,Delhi,4055.39,Withdrawal,Success,2025-04-05 07:42:20.832116
T454213,Branch 1,Delhi,2141.25,Withdrawal,Success,2025-04-04 12:37:31.234478
T273902,Branch 1,Delhi,681.0,Transfer,Failed,2025-04-07 21:22:45.006537
T510969,Branch 1,Delhi,885.76,Failed,Failed,2025-04-06 12:42:09.707151
T578511,Branch 1,Delhi,,Failed,Failed,2025-04-06 04:25:46.380433
T450065,Branch 1,Delhi,2513.81,Failed,Failed,2025-04-02 13:15:26.091613
T262537,Branch 1,Delhi,1513.32,Transfer,Success,
T512010,Branch 1,Delhi,1423.06,Failed,Failed,2025-04-07 22:39:52.286318
T879288,Branch 1,Delhi,975.59,,Failed,2025-04-01 22:30:45.903764
T836352,Branch 1,Delhi,2408.86,,Success,2025-04-07 20:28:40.782281
T395634,Branch 1,Delhi,3723.56,Deposit,Success,2025-04-01 09:35:12.471034
T242103,Branch 1,Delhi,456.85,,Failed,2025-04-05 21:20:06.601470
T316196,,Delhi,3427.4,Failed,Failed,2025-04-04 19:17:44.583379
T467456,,Delhi,1309.17,Transfer,Failed,2025-04-01 04:20:19.439484
T510355,Branch 1,Delhi,2798.5,Deposit,Failed,2025-04-05 05:08:17.351543
T955486,Branch 1,Delhi,2541.47,Withdrawal,Failed,2025-04-02 00:45:36.516897
T253213,Branch 1,Delhi,1061.5,Transfer,Success,2025-04-01 11:51:12.927809
T973803,Branch 1,Delhi,911.89,Withdrawal,Success,2025-04-06 02:47:14.258813
T594308,Branch 1,Delhi,,,Failed,2025-04-01 21:01:54.666173
T507186,Branch 1,Delhi,4177.54,Failed,Failed,2025-04-04 10:35:35.383476
,Branch 1,Delhi,916.76,Transfer,Failed,
T731188,Branch 1,Delhi,134.58,Withdrawal,Success,2025-04-07 04:52:53.919246
T581039,Branch 1,Delhi,3007.64,Withdrawal,Failed,2025-04-05 12:53:14.149198
T940350,Branch 1,Delhi,893.87,Failed,Success,2025-04-07 09:31:30.476849
T202378,Branch 1,Delhi,2530.68,Deposit,Success,2025-04-06 02:22:35.104889
T130737,Branch 1,Delhi,,Failed,Success,2025-04-07 21:21:02.579564
T802039,Branch 1,Delhi,1209.36,,Failed,2025-04-07 02:15:49.638932
T285926,Branch 1,Delhi,,Deposit,Success,2025-04-07 11:08:10.587805
T798220,Branch 1,Delhi,1308.05,Deposit,Success,2025-04-03 08:48:34.986243
T271784,Branch 1,Delhi,3134.94,Failed,Failed,2025-04-03 12:33:02.357475
T431757,Branch 1,Delhi,2944.1,Transfer,Success,2025-04-05 09:07:16.146612
T150744,Branch 1,Delhi,4530.39,Deposit,Failed,2025-04-07 07:01:06.484666
T163559,,Delhi,2807.69,Withdrawal,Failed,2025-04-05 17:34:05.743364
,Branch 1,Delhi,3160.63,Transfer,Success,2025-04-06 22:55:44.717310
T906322,Branch 1,Delhi,232.86,,Success,2025-04-05 02:01:37.387317
T488110,Branch 1,Delhi,1293.45,Failed,Success,2025-04-07 04:27:16.261412
T606331,Branch 1,Delhi,4340.47,Withdrawal,Failed,2025-04-02 03:27:40.158466
T206000,Branch 1,Delhi,4242.6,Failed,Success,2025-04-04 06:20:20.411359
T372515,Branch 1,Delhi,,Failed,Success,2025-04-05 23:30:05.510735
T408465,Branch 1,Delhi,4231.58,Deposit,Success,2025-04-04 02:10:30.996411
T732087,Branch 1,Delhi,2463.94,,Failed,2025-04-06 19:19:13.640917
T800154,Branch 1,Delhi,1613.65,Transfer,Failed,2025-04-06 18:05:05.531196
,Branch 1,Delhi,353.41,Failed,Success,2025-04-07 03:57:31.875196
T817368,Branch 1,Delhi,2796.25,Failed,Failed,
T432014,Branch 1,Delhi,3234.71,Withdrawal,Success,2025-04-07 03:01:02.364992
,Branch 1,Delhi,1488.93,Deposit,Success,2025-04-01 08:37:56.248360
T872694,Branch 1,Delhi,3719.02,Transfer,Success,2025-04-05 03:19:26.140569
T870122,Branch 1,Delhi,515.96,Failed,Failed,
T306381,Branch 1,Delhi,4376.52,Transfer,Success,2025-04-04 22:50:49.682867
,Branch 1,Delhi,1752.16,Failed,Failed,2025-04-02 01:01:25.905479
T875908,Branch 1,Delhi,2506.8,Withdrawal,Success,2025-04-02 13:34:13.952559
T168103,Branch 1,Delhi,2172.49,Failed,Failed,2025-04-02 21:20:38.406277
T243899,Branch 1,Delhi,2604.84,Withdrawal,Success,2025-04-02 17:55:54.863199
T781056,Branch 1,Delhi,4872.47,Transfer,Failed,2025-04-05 05:27:31.518808
T123929,Branch 1,Delhi,2620.06,Transfer,Success,2025-04-07 15:31:23.482191
T263368,Branch 1,,3325.25,Transfer,Success,2025-04-04 07:52:30.856086
T675213,Branch 1,Delhi,2886.0,Transfer,Failed,2025-04-06 06:32:18.909824
T813869,Branch 1,Delhi,4497.07,Transfer,Failed,2025-04-05 21:59:12.557654
T545207,Branch 1,Delhi,1538.11,Transfer,Success,2025-04-04 08:12:42.884061
T954434,Branch 1,Delhi,4993.24,Failed,Success,2025-04-06 16:08:19.301394
T156162,Branch 1,Delhi,,Withdrawal,Success,2025-04-07 08:38:23.110280
,Branch 1,Delhi,310.53,Failed,Failed,2025-04-01 06:05:05.569121
T228039,Branch 1,Delhi,1341.27,Transfer,Failed,2025-04-04 14:30:18.467678
T124100,Branch 1,Delhi,4327.2,Deposit,Failed,2025-04-07 02:06:12.721080
T757411,Branch 1,Delhi,1851.35,Withdrawal,Success,2025-04-04 04:47:35.757383
T747330,Branch 1,Delhi,487.61,Transfer,,2025-04-05 05:35:56.393652
T623445,Branch 1,Delhi,1973.48,Failed,Success,
T601600,,Delhi,3247.35,Transfer,Failed,2025-04-07 09:40:25.523863
T187176,Branch 1,Delhi,1908.72,Failed,Failed,2025-04-07 03:59:49.839739
T348556,Branch 1,Delhi,2890.99,Transfer,Success,2025-04-04 08:00:46.217507
T290164,Branch 1,Delhi,,Failed,Success,2025-04-03 02:55:55.518050
T179763,Branch 1,Delhi,1525.64,Deposit,Success,2025-04-06 05:11:06.008499
T509780,Branch 1,Delhi,288.22,Failed,Failed,2025-04-03 08:11:37.099933
T511480,Branch 1,Delhi,2113.14,Withdrawal,Success,2025-04-01 01:24:56.470479
T180441,,Delhi,2937.05,Transfer,Failed,2025-04-01 08:08:55.112347
T146974,Branch 1,Delhi,4496.96,Withdrawal,Success,2025-04-02 20:46:55.955850
T591189,Branch 1,Delhi,352.77,Deposit,Success,2025-04-02 21:54:41.779567
,Branch 1,Delhi,4148.63,Deposit,Success,2025-04-03 05:31:51.097196
T123466,Branch 1,Delhi,1228.08,Transfer,Success,
T172771,Branch 1,Delhi,3678.5,Failed,Failed,2025-04-06 16:51:32.897824
T588725,Branch 1,Delhi,1155.88,Failed,Failed,2025-04-03 02:21:59.832560
T451279,Branch 1,Delhi,3506.15,,Success,
T532167,Branch 1,Delhi,4837.16,Withdrawal,Success,2025-04-03 03:10:29.952987
T792966,Branch 1,Delhi,2336.5,Withdrawal,Success,2025-04-05 01:27:07.754366
T667794,Branch 1,Delhi,4640.2,Failed,Success,2025-04-07 12:38:19.434304
T899296,,Delhi,4968.8,,Success,2025-04-05 19:04:25.586522
T537040,Branch 1,Delhi,4597.61,Withdrawal,Failed,2025-04-07 02:35:24.418015
T683194,Branch 1,Delhi,3413.49,Deposit,Failed,2025-04-06 00:45:48.086419
,,Delhi,3744.62,Transfer,Failed,2025-04-02 14:15:27.091428
T971699,Branch 1,Delhi,2562.79,Failed,Failed,2025-04-03 07:46:19.608280
,Branch 1,Delhi,1451.5,Deposit,Failed,2025-04-07 05:20:17.433174
T425533,Branch 1,Delhi,1954.03,Transfer,Success,2025-04-06 06:56:33.354562
T928874,Branch 1,Delhi,1847.72,Withdrawal,Success,2025-04-04 05:56:42.622934
T581318,Branch 1,Delhi,829.59,Withdrawal,Success,2025-04-04 16:17:32.545749
,Branch 1,Delhi,4545.38,Withdrawal,,2025-04-04 16:28:31.689795
T671410,Branch 1,Delhi,2948.02,Failed,Failed,2025-04-06 17:42:41.937642
T739415,Branch 1,Delhi,538.85,,Failed,2025-04-07 14:19:07.103624
T671313,Branch 1,,3077.9,,Success,2025-04-05 18:31:03.391818
T245387,Branch 1,Delhi,2347.29,Deposit,Success,2025-04-06 00:46:27.214587
T463657,Branch 1,Delhi,2963.85,Failed,Failed,2025-04-02 19:57:33.497017
T638268,Branch 1,Delhi,4486.0,Failed,Success,2025-04-05 07:27:20.289021
T753962,Branch 1,Delhi,2105.0,Transfer,Failed,2025-04-01 15:04:45.486844
T182109,Branch 1,Delhi,2799.24,Transfer,Success,2025-04-07 17:59:14.080264
T577481,Branch 1,Delhi,4760.96,Transfer,Success,2025-04-05 11:25:42.426014
T970242,Branch 1,Delhi,4770.32,Deposit,Success,2025-04-04 18:43:13.641937
T426246,Branch 1,Delhi,414.79,Deposit,Failed,2025-04-07 10:02:45.074946
T270280,Branch 1,Delhi,,Deposit,Failed,2025-04-03 18:57:22.499878
T253306,Branch 1,Delhi,1188.45,Deposit,Success,2025-04-04 09:10:39.225394
T157702,Branch 1,Delhi,3972.13,Transfer,Failed,2025-04-04 18:11:40.425584
T779125,Branch 1,Delhi,3553.39,Failed,Failed,2025-04-02 03:07:09.174079
T345824,Branch 1,Delhi,359.77,Transfer,Success,2025-04-01 15:03:46.839427
T338697,Branch 1,Delhi,,Withdrawal,Failed,2025-04-07 10:34:12.632419
T587027,Branch 1,Delhi,173.83,Failed,Failed,2025-04-03 08:27:25.940944
T592526,Branch 1,,2155.54,Deposit,Success,2025-04-05 22:12:49.160905
T781842,Branch 1,Delhi,417.13,Transfer,Success,2025-04-01 00:06:09.153736
T628224,Branch 1,Delhi,2683.69,Transfer,Failed,2025-04-07 16:54:33.040493
,Branch 1,Delhi,3001.94,Failed,Success,2025-04-06 13:43:32.536438
T620732,Branch 1,Delhi,493.91,,Success,2025-04-06 01:11:06.607937
T495370,Branch 1,Delhi,3650.29,Transfer,Failed,2025-04-07 09:05:47.128854
T640781,Branch 1,Delhi,3740.72,Deposit,Success,2025-04-02 14:20:39.371578
T834822,Branch 1,Delhi,3253.91,Withdrawal,Failed,2025-04-03 10:20:26.821623
T761415,Branch 1,Delhi,,Failed,Failed,2025-04-04 00:40:05.776566
T172762,Branch 1,Delhi,1622.01,Transfer,Success,2025-04-04 09:08:03.546760
T312534,Branch 1,Delhi,1209.97,Transfer,Success,2025-04-01 03:17:28.648281
T512550,Branch 1,Delhi,1273.48,Withdrawal,Failed,2025-04-01 16:48:54.182747
T813291,Branch 1,,2559.99,Transfer,Failed,2025-04-04 11:39:11.874547
T708933,Branch 1,Delhi,3699.43,Failed,Success,2025-04-02 04:54:25.899415
T367611,Branch 1,Delhi,4225.36,Failed,Success,2025-04-05 18:39:15.464143
T992955,Branch 1,Delhi,2577.24,,Failed,2025-04-01 01:46:19.232999
,Branch 1,Delhi,2362.34,Deposit,Success,2025-04-02 18:50:39.671360
T792752,Branch 1,Delhi,,Failed,Failed,2025-04-02 11:03:58.165177
,Branch 1,Delhi,551.18,Withdrawal,Failed,2025-04-05 03:45:35.138745
T237506,Branch 1,Delhi,318.32,Transfer,,2025-04-04 11:07:50.485121
T263801,Branch 1,Delhi,1316.69,Deposit,Success,2025-04-02 01:37:54.723781
,Branch 1,Delhi,2298.35,Withdrawal,Success,2025-04-05 03:55:05.794557
T361587,Branch 1,Delhi,460.22,Transfer,Success,2025-04-07 11:17:31.223511
T469706,Branch 1,Delhi,3199.14,,Failed,2025-04-04 06:18:47.479660
,Branch 1,Delhi,1807.11,Transfer,Success,2025-04-07 07:14:10.065234
T175580,Branch 1,Delhi,764.87,Transfer,Failed,2025-04-03 16:08:20.368996
T428268,Branch 1,Delhi,1412.29,Transfer,Failed,2025-04-02 23:28:14.367244
,Branch 1,Delhi,3430.95,Deposit,Success,2025-04-07 07:51:34.170254
T691298,Branch 1,Delhi,114.06,Deposit,Success,2025-04-05 14:27:44.260686
T505670,Branch 1,Delhi,1956.59,,Success,
T732848,Branch 1,Delhi,2505.61,Withdrawal,Failed,2025-04-03 12:35:32.101952
T463880,Branch 1,Delhi,4540.07,Deposit,Failed,2025-04-02 19:30:57.317532
T652151,,Delhi,1584.98,,Success,2025-04-06 11:39:04.369179
T893322,Branch 1,Delhi,2695.18,Withdrawal,Failed,2025-04-04 22:56:38.716368
T905873,Branch 1,Delhi,935.94,Failed,Success,2025-04-07 22:48:10.870992
,Branch 1,Delhi,2067.72,Deposit,Failed,2025-04-07 05:38:59.872094
T610453,Branch 1,Delhi,2436.18,Withdrawal,Success,2025-04-04 09:51:06.839664
T205385,Branch 1,Delhi,3004.66,Withdrawal,Success,2025-04-04 10:48:19.757550
T194479,,Delhi,1683.78,Failed,Failed,2025-04-01 01:44:55.802747
,,Delhi,2643.05,,Success,2025-04-02 11:50:10.249776
T111770,Branch 1,Delhi,2462.18,Transfer,Failed,2025-04-07 10:03:48.151513
T700033,Branch 1,Delhi,,Deposit,Failed,2025-04-04 22:31:20.363371
T229551,Branch 1,Delhi,4684.48,Withdrawal,Success,2025-04-05 20:02:44.452221
T468131,Branch 1,Delhi,1216.14,Failed,Failed,2025-04-07 17:02:52.168743
T225038,Branch 1,Delhi,1738.02,Transfer,Success,2025-04-06 07:11:33.238929
T739589,Branch 1,Delhi,785.95,Transfer,Success,2025-04-05 21:58:47.977850
T864735,Branch 1,Delhi,4882.87,Deposit,Failed,2025-04-03 15:31:50.195091
T470610,Branch 1,Delhi,2983.9,Transfer,Success,2025-04-06 04:26:27.531002
T361045,Branch 1,Delhi,4072.51,Transfer,Success,2025-04-05 23:59:51.735127
T660941,,Delhi,3985.89,Withdrawal,Failed,2025-04-03 23:05:16.367463
T924892,Branch 1,Delhi,2885.65,Deposit,Success,2025-04-06 17:09:19.695082
T315488,Branch 1,Delhi,852.94,Deposit,Failed,2025-04-03 01:09:36.741939
,Branch 1,Delhi,4473.11,Deposit,Failed,2025-04-04 21:49:40.226133
T495935,Branch 1,Delhi,4376.19,Deposit,Success,2025-04-07 02:34:07.363754
T626646,Branch 1,Delhi,3908.07,Withdrawal,Failed,2025-04-07 23:57:06.213093
T533524,Branch 1,Delhi,830.46,,,2025-04-01 01:16:43.128975
T425234,Branch 1,Delhi,3585.06,Deposit,Success,2025-04-03 21:12:17.120161
T572341,Branch 1,Delhi,,Transfer,,2025-04-05 05:03:31.541913
T413887,Branch 1,Delhi,3194.42,Deposit,Failed,2025-04-01 09:14:04.895163
T478718,Branch 1,Delhi,1169.56,Failed,Success,2025-04-07 22:56:51.219421
T484566,Branch 1,Delhi,2244.12,Deposit,Failed,2025-04-06 22:22:47.761587
T937359,,Delhi,1631.03,Deposit,Success,2025-04-05 04:19:47.587397
T518528,Branch 1,Delhi,4185.74,,Success,2025-04-05 05:34:39.195241
T542460,Branch 1,Delhi,1663.48,Deposit,Success,2025-04-02 09:11:12.885527
T255886,Branch 1,Delhi,2975.92,,Failed,2025-04-07 09:22:27.825521
T926750,,Delhi,,,Failed,2025-04-07 03:15:02.323701
T748644,Branch 1,Delhi,4485.74,Deposit,Success,2025-04-05 18:45:27.912613
T908740,Branch 1,,2444.72,Deposit,Success,2025-04-02 23:13:19.338351
T250975,Branch 1,Delhi,318.72,,Failed,
T410057,Branch 1,Delhi,2955.57,Withdrawal,Success,2025-04-07 18:57:45.954990
T255630,Branch 1,Delhi,1869.19,,Failed,2025-04-06 01:04:04.351313
T455123,Branch 1,Delhi,4242.92,Withdrawal,Success,2025-04-04 06:59:03.219152
T590071,Branch 1,Delhi,1001.25,Failed,Success,2025-04-01 03:36:41.694014
T969390,Branch 1,Delhi,3431.18,Failed,Success,2025-04-07 10:58:12.423538
T695701,Branch 1,Delhi,1140.31,Deposit,Success,2025-04-02 08:10:18.506627
T940309,Branch 1,Delhi,3003.1,Failed,Success,2025-04-04 23:10:07.482744
T826628,Branch 1,Delhi,967.82,Deposit,Failed,2025-04-03 04:15:06.654212
T872047,Branch 1,Delhi,391.29,,,2025-04-07 11:10:26.380972
T430969,Branch 1,Delhi,1556.53,Transfer,Success,2025-04-05 17:02:33.450477
T313152,Branch 1,Delhi,2477.61,Deposit,Success,2025-04-07 17:49:18.721484
T743033,Branch 1,Delhi,,Transfer,Failed,2025-04-03 11:35:47.879374
T662262,Branch 1,Delhi,2568.93,Transfer,Failed,2025-04-03 20:14:26.785228
T750163,Branch 1,Delhi,3345.17,Deposit,Failed,2025-04-02 18:04:28.667183
T139765,Branch 1,Delhi,1467.15,Deposit,Success,2025-04-03 04:35:05.118453
T510845,Branch 1,Delhi,3755.08,Withdrawal,Failed,2025-04-02 08:11:41.045301
T573586,Branch 1,Delhi,4239.33,,Failed,2025-04-05 04:19:56.415887
T571055,Branch 1,Delhi,473.43,,Success,2025-04-07 05:09:26.096840
T368451,Branch 1,Delhi,709.36,Withdrawal,Success,2025-04-02 04:37:50.988774
T996394,Branch 1,Delhi,,Deposit,,2025-04-07 12:34:08.371645
T700311,Branch 1,Delhi,1527.08,Transfer,Failed,2025-04-07 06:54:00.729696
T640571,Branch 1,Delhi,4966.31,Deposit,Success,2025-04-04 15:36:53.616219
T948494,Branch 1,Delhi,2059.55,Deposit,,2025-04-01 18:59:09.042480
,Branch 1,Delhi,4932.34,Transfer,Failed,2025-04-07 11:24:51.246817
T118125,Branch 1,Delhi,945.54,Deposit,Failed,2025-04-03 03:48:06.469219
T147299,Branch 1,Delhi,4787.91,Transfer,Failed,2025-04-02 08:46:18.625956
T817614,Branch 1,Delhi,4406.34,Withdrawal,Success,2025-04-04 02:52:00.681522
T683069,Branch 1,Delhi,770.96,,Success,2025-04-07 17:33:44.601276
T478679,Branch 1,Delhi,3638.99,Failed,Failed,2025-04-07 15:46:30.287859
T615761,Branch 1,Delhi,3509.42,Failed,Failed,2025-04-03 03:28:25.371492
T314242,Branch 1,Delhi,,,Success,2025-04-01 01:19:23.173756
,Branch 1,Delhi,3857.82,Withdrawal,Failed,2025-04-02 04:15:01.147269
T853801,Branch 1,Delhi,653.58,,Success,2025-04-06 23:18:03.302634
T936547,Branch 1,Delhi,4593.37,Withdrawal,Success,2025-04-05 08:42:47.877189
T375881,Branch 1,Delhi,4333.19,Transfer,Failed,2025-04-05 09:22:17.796795
T725847,Branch 1,Delhi,2729.83,Transfer,Success,2025-04-06 09:39:52.789306
T325837,Branch 1,,2638.8,Failed,Failed,
T735763,Branch 1,Delhi,746.59,Transfer,Failed,2025-04-07 14:27:25.632888
T786059,Branch 1,Delhi,2223.32,Failed,Failed,2025-04-04 18:53:04.093684
,Branch 1,Delhi,3844.74,Withdrawal,Success,2025-04-05 03:50:04.643088
T519046,Branch 1,Delhi,169.69,Withdrawal,Failed,2025-04-06 22:02:40.683155
T650846,Branch 1,Delhi,,Deposit,Failed,2025-04-05 04:22:49.863338
T770289,Branch 1,Delhi,2290.01,Deposit,Success,2025-04-07 03:40:53.296990
T736200,Branch 1,Delhi,4929.44,Deposit,Failed,2025-04-04 11:34:55.203828
T614273,Branch 1,Delhi,3331.53,Withdrawal,Failed,2025-04-01 05:14:55.316132
T774622,Branch 1,Delhi,2996.68,Withdrawal,Failed,2025-04-05 05:27:30.897349
T549691,Branch 1,Delhi,2004.28,Transfer,Success,2025-04-05 23:53:12.411235
T454474,Branch 1,Delhi,2550.94,,Failed,2025-04-07 23:16:16.655513
T640484,Branch 1,Delhi,1208.66,Failed,Failed,2025-04-05 19:50:43.108725
,Branch 1,Delhi,324.51,Transfer,Success,2025-04-03 03:30:17.081132
T933948,Branch 1,Delhi,2989.98,Transfer,Failed,2025-04-05 18:40:34.499095
T521917,Branch 1,Delhi,4373.97,Withdrawal,Failed,2025-04-05 17:50:50.138548
T657311,,Delhi,1930.18,Transfer,Success,2025-04-03 14:39:16.022566
T631432,Branch 1,Delhi,3897.92,Withdrawal,Failed,2025-04-02 20:08:34.291639
T926542,Branch 1,Delhi,1855.27,Transfer,,2025-04-03 21:16:02.296470
T912849,Branch 1,Delhi,3849.06,Withdrawal,Success,2025-04-02 10:31:23.392350
T182179,Branch 1,Delhi,3668.64,Deposit,Failed,2025-04-06 18:23:08.933737
T165445,Branch 1,Delhi,689.08,Deposit,Success,2025-04-07 12:52:40.979482
T997521,Branch 1,Delhi,602.52,Failed,Success,2025-04-01 21:11:11.615405
T589335,Branch 1,Delhi,,Withdrawal,Success,2025-04-04 13:18:28.521009
T114999,Branch 1,Delhi,4887.67,Transfer,Success,2025-04-06 01:35:11.775447
T232798,Branch 1,Delhi,4339.58,Failed,Success,2025-04-03 23:38:38.995597
T423893,Branch 1,Delhi,4530.45,Withdrawal,Failed,2025-04-05 17:48:13.396233
T361089,Branch 1,Delhi,1708.36,Failed,Success,2025-04-01 14:49:05.578502
,Branch 1,Delhi,2525.57,Failed,Success,2025-04-04 00:20:33.125699
T436433,Branch 1,Delhi,3816.53,Failed,Success,2025-04-05 09:54:09.798717
T843924,,Delhi,976.29,Deposit,Success,2025-04-03 12:25:40.518996
T689303,Branch 1,Delhi,3305.92,Withdrawal,Success,2025-04-05 03:12:24.722115
T809078,Branch 1,Delhi,1813.78,Transfer,Success,2025-04-07 19:22:43.995020
T876417,Branch 1,Delhi,4496.93,Transfer,Failed,2025-04-06 19:11:51.705789
T784150,Branch 1,Delhi,1954.95,Transfer,Failed,2025-04-07 02:26:04.345678
T735096,Branch 1,Delhi,3651.75,Failed,Failed,2025-04-04 06:41:52.211947
T595062,Branch 1,,3304.82,Withdrawal,Success,2025-04-04 10:49:44.748668
T855324,,Delhi,3454.06,Deposit,Success,2025-04-04 01:05:07.310451
,Branch 1,Delhi,4998.53,Failed,Success,2025-04-02 18:29:27.041407
T148810,Branch 1,Delhi,625.0,Deposit,Failed,2025-04-07 02:37:29.370349
T557362,Branch 1,Delhi,4695.9,Withdrawal,Success,2025-04-05 05:08:03.415659
T506936,Branch 1,Delhi,2479.32,Transfer,Failed,2025-04-07 18:47:32.403207
T602497,Branch 1,Delhi,4094.21,,Success,2025-04-02 14:27:56.296810
T512668,Branch 1,Delhi,2536.46,Withdrawal,Success,2025-04-04 01:46:19.995231
T304719,Branch 1,Delhi,4376.17,Transfer,Success,2025-04-02 11:23:04.048929
T535837,Branch 1,Delhi,3334.92,Failed,Failed,2025-04-01 04:10:52.890541
T278560,Branch 1,Delhi,4213.52,Transfer,,2025-04-06 06:12:47.394890
,,Delhi,4144.69,Failed,Failed,2025-04-07 19:43:58.891229
T215918,Branch 1,Delhi,488.31,Transfer,Success,2025-04-05 11:28:49.131349
T697056,Branch 1,Delhi,3407.64,Transfer,Success,2025-04-03 12:01:00.653028
T528811,Branch 1,Delhi,3368.99,Withdrawal,Failed,2025-04-03 02:23:47.530222
T902508,Branch 1,Delhi,1176.89,Transfer,Success,2025-04-06 04:20:35.930267
T872028,Branch 1,Delhi,2870.39,Withdrawal,Success,2025-04-04 05:43:41.245402
T499030,,Delhi,2396.15,Transfer,Failed,2025-04-03 08:55:21.128388
T981755,Branch 1,Delhi,,Withdrawal,Success,2025-04-01 02:38:46.785825
T947543,Branch 1,Delhi,3262.82,,Success,2025-04-06 10:57:26.311843
T281456,Branch 1,Delhi,2580.83,Failed,Failed,2025-04-06 16:52:20.118970
T368056,Branch 1,Delhi,4814.76,Deposit,Failed,2025-04-04 05:08:25.797252
T188331,Branch 1,Delhi,3624.66,Withdrawal,Failed,2025-04-01 21:51:01.879797
T835203,Branch 1,Delhi,4964.97,Failed,Success,2025-04-04 16:45:44.717005
,Branch 1,Delhi,3318.41,Transfer,Success,2025-04-02 01:27:31.254355
T740380,Branch 1,Delhi,,Failed,Failed,2025-04-06 20:52:27.323705
T636656,Branch 1,Delhi,1531.38,Transfer,Success,2025-04-05 12:28:29.368184
T147630,Branch 1,Delhi,,Withdrawal,Failed,2025-04-05 04:59:47.527393
T494163,Branch 1,Delhi,2282.6,Withdrawal,Failed,
T920606,Branch 1,Delhi,,Withdrawal,Success,2025-04-01 01:50:46.186342
T215846,Branch 1,Delhi,4305.12,Deposit,Success,2025-04-06 03:38:21.394300
T653308,Branch 1,Delhi,3367.75,Transfer,Success,2025-04-03 06:03:13.881289
T369294,Branch 1,Delhi,2674.9,Failed,Failed,2025-04-06 14:51:34.560410
T699860,,Delhi,1379.75,Transfer,Success,2025-04-06 14:49:36.874592
T602218,Branch 1,Delhi,,Deposit,Failed,2025-04-06 11:54:42.332137
T147768,Branch 1,Delhi,2013.8,Failed,Success,2025-04-02 11:30:34.102845
T836322,Branch 1,Delhi,3725.61,Withdrawal,Failed,2025-04-04 23:32:31.185748
T654947,Branch 1,Delhi,1365.51,Failed,Failed,2025-04-02 14:33:33.837464
T391470,Branch 1,Delhi,2016.4,Failed,Failed,2025-04-04 06:50:05.530500
T603153,Branch 1,Delhi,2890.81,,,2025-04-07 20:54:48.842652
T400398,Branch 1,Delhi,1826.21,Deposit,Success,2025-04-04 01:01:14.290916
,Branch 1,Delhi,1167.44,Failed,Failed,2025-04-04 07:03:30.546533
T847522,Branch 1,Delhi,3852.16,,Failed,2025-04-01 12:36:26.611998
T511803,Branch 1,Delhi,2170.43,Transfer,Success,2025-04-04 21:38:45.395137
,Branch 1,Delhi,,Failed,Success,2025-04-03 02:54:48.637554
T618508,Branch 1,Delhi,3598.4,,Failed,2025-04-07 22:07:33.514366
T222413,Branch 1,Delhi,3598.98,Withdrawal,Failed,2025-04-01 07:44:48.615169
T270117,Branch 1,Delhi,1289.48,Withdrawal,Failed,2025-04-04 10:16:48.173582
T807189,Branch 1,Delhi,784.99,Withdrawal,,2025-04-01 14:19:33.285336
T632832,Branch 1,Delhi,486.56,Deposit,Failed,2025-04-04 20:48:08.586143
T620299,Branch 1,Delhi,3484.32,Failed,Failed,2025-04-07 02:17:12.522580
T527019,Branch 1,Delhi,2887.56,Failed,Failed,2025-04-04 09:51:55.670960
T109520,Branch 1,,4748.7,Deposit,Success,2025-04-03 09:58:56.011698
T831166,Branch 1,Delhi,999.63,Deposit,Success,2025-04-07 00:56:20.009261
T743842,Branch 1,Delhi,3958.35,Transfer,,2025-04-06 06:58:18.414109
T408982,Branch 1,Delhi,1880.71,Failed,Success,2025-04-03 05:53:28.384465
T883107,,Delhi,303.54,Transfer,Failed,2025-04-07 00:05:23.209507
T198984,Branch 1,Delhi,3489.36,Withdrawal,Failed,2025-04-03 08:33:47.179937
,Branch 1,Delhi,4778.9,Transfer,Failed,2025-04-03 19:37:00.279512
T821212,Branch 1,,2639.3,Transfer,Failed,2025-04-01 23:22:39.088258
T853109,Branch 1,Delhi,835.23,Deposit,Failed,2025-04-07 08:17:24.663509
T300926,Branch 1,Delhi,1609.89,Failed,Failed,
T109550,Branch 1,Delhi,393.94,Transfer,Success,2025-04-01 07:04:01.480804
T802958,Branch 1,Delhi,4559.11,Failed,Failed,
T143921,Branch 1,Delhi,1693.06,Deposit,Failed,2025-04-04 03:42:07.224348
T782498,Branch 1,Delhi,4113.93,Failed,Success,2025-04-02 22:54:48.907793
T773569,Branch 1,Delhi,2066.66,Failed,,2025-04-07 07:08:01.301174
,Branch 1,Delhi,4321.26,Deposit,Success,2025-04-05 13:28:03.797876
T614706,Branch 1,Delhi,1534.81,Failed,Success,2025-04-02 12:06:02.147673
T855905,Branch 1,Delhi,414.79,Failed,Success,2025-04-03 19:04:09.699224
,Branch 1,Delhi,387.38,Deposit,Failed,2025-04-03 23:44:11.790042
T745485,Branch 1,Delhi,2720.24,Transfer,Success,2025-04-04 21:26:24.655273
T423045,Branch 1,Delhi,2431.02,Failed,Failed,
T738682,Branch 1,Delhi,,Withdrawal,Failed,2025-04-07 04:56:02.400455
,Branch 1,Delhi,4127.95,Deposit,Success,2025-04-02 08:44:37.873172
T867495,Branch 1,Delhi,3111.29,Failed,Success,2025-04-04 00:36:28.763370
T536537,Branch 1,Delhi,1059.4,Transfer,,2025-04-03 08:31:10.970377
T507305,Branch 1,Delhi,3433.6,Failed,Success,2025-04-03 08:20:09.076587
T839459,Branch 1,Delhi,2515.31,Failed,Failed,2025-04-07 08:03:46.879387
T573272,Branch 1,Delhi,2231.02,Transfer,Success,2025-04-05 23:40:01.306499
T743759,Branch 1,Delhi,259.17,Failed,Success,2025-04-03 01:14:27.056494
T796709,Branch 1,Delhi,552.08,Failed,Success,2025-04-06 01:59:28.171039
T123131,Branch 1,Delhi,1676.0,Failed,Failed,2025-04-06 18:04:44.574394
T443103,Branch 1,Delhi,441.89,Deposit,Failed,2025-04-07 04:46:28.840139
T745881,Branch 1,Delhi,404.88,Transfer,Success,2025-04-07 23:13:39.488481
T832825,Branch 1,Delhi,3060.58,Failed,Success,2025-04-07 20:47:10.004177
T960777,Branch 1,Delhi,1702.87,Transfer,,2025-04-03 03:38:37.197761
,Branch 1,Delhi,1638.34,Withdrawal,Success,2025-04-02 18:36:53.412406
,Branch 1,Delhi,4991.38,,Failed,2025-04-06 12:00:58.681151
T102320,Branch 1,Delhi,391.28,Deposit,Failed,2025-04-05 09:15:25.975906
T947336,Branch 1,Delhi,2502.91,Deposit,Failed,2025-04-02 19:23:27.169625
T288654,,Delhi,4263.0,Failed,Success,2025-04-01 21:46:15.089206
T227219,Branch 1,Delhi,3604.86,Withdrawal,,2025-04-03 00:59:30.675569
T818724,Branch 1,Delhi,1515.2,Failed,Failed,2025-04-03 04:52:06.932453
T679418,Branch 1,Delhi,2255.55,Deposit,,2025-04-01 13:21:30.583749
T399911,Branch 1,Delhi,2680.97,,,2025-04-03 07:08:49.587458
T354905,Branch 1,Delhi,,Deposit,Failed,2025-04-02 19:01:15.384155
T938896,Branch 1,Delhi,4355.56,Transfer,Success,2025-04-03 20:10:14.794896
T608475,Branch 1,Delhi,1520.06,Failed,Failed,2025-04-03 21:05:47.175105
T189848,Branch 1,Delhi,3647.07,Deposit,Success,2025-04-03 06:37:44.650270
T104399,Branch 1,Delhi,303.68,Failed,Failed,2025-04-02 21:09:35.139822
T817410,Branch 1,Delhi,1837.71,Withdrawal,Failed,2025-04-01 22:15:00.561949
T849089,Branch 1,Delhi,3968.68,Failed,Success,2025-04-02 03:28:19.272352
T936014,Branch 1,Delhi,1745.12,,Failed,2025-04-04 19:47:26.608924
T902544,Branch 1,Delhi,510.22,Withdrawal,Failed,2025-04-07 08:01:25.594423
T809461,Branch 1,Delhi,2580.59,Withdrawal,Success,2025-04-05 08:14:16.273983
T143362,Branch 1,Delhi,2557.58,Failed,Failed,2025-04-07 14:20:13.793428
T310445,,Delhi,4952.36,Transfer,Success,2025-04-03 10:12:39.781327
T925617,Branch 1,Delhi,2966.18,Deposit,Success,2025-04-04 07:34:15.701781
T930621,Branch 1,Delhi,330.62,Transfer,Failed,2025-04-02 17:18:12.657748
T692140,Branch 1,Delhi,592.45,Failed,Failed,2025-04-02 07:15:56.565287
T645079,Branch 1,Delhi,2135.78,,Failed,2025-04-02 10:10:50.479347
T452283,Branch 1,Delhi,1020.93,,Failed,2025-04-05 15:11:22.981355
T969858,Branch 1,Delhi,3984.13,Withdrawal,Success,2025-04-06 06:49:43.730032
T981521,Branch 1,Delhi,4354.59,Withdrawal,Success,2025-04-01 14:38:33.219702
,Branch 1,Delhi,851.14,Transfer,Success,2025-04-01 23:28:54.690763
,Branch 1,Delhi,3871.16,Transfer,Failed,2025-04-07 21:13:29.751668
T684057,Branch 1,Delhi,2952.12,Failed,Success,2025-04-05 11:01:00.586236
T284611,Branch 1,Delhi,,Withdrawal,Success,2025-04-01 03:17:18.989931
T989214,,Delhi,1892.93,Transfer,Failed,2025-04-03 17:27:58.255325
T781432,Branch 1,Delhi,805.98,Withdrawal,Success,2025-04-04 03:24:53.797954
T758180,Branch 1,Delhi,1131.2,Transfer,Success,2025-04-07 02:31:57.503702
T555794,Branch 1,,1295.85,,Success,2025-04-02 10:31:47.200845
T896614,Branch 1,Delhi,4670.01,Failed,Success,2025-04-05 03:06:02.458892
T357647,Branch 1,Delhi,2811.76,Failed,Success,2025-04-04 14:40:34.803615
,Branch 1,Delhi,4320.88,Transfer,Success,2025-04-02 08:51:34.260998
T326975,Branch 1,Delhi,1952.66,Withdrawal,Failed,2025-04-07 20:05:30.667439
T571417,Branch 1,Delhi,275.27,Withdrawal,Failed,2025-04-02 02:51:06.180604
T222207,Branch 1,Delhi,1678.45,Failed,Failed,2025-04-06 00:19:02.061767
T568595,Branch 1,Delhi,4359.39,Transfer,Success,2025-04-06 02:39:02.276531
T758633,Branch 1,Delhi,545.47,Withdrawal,Failed,2025-04-05 14:32:04.033462
,Branch 1,Delhi,3015.01,,Failed,2025-04-02 01:22:45.637966
T197469,Branch 1,Delhi,3096.55,Deposit,Failed,2025-04-01 04:44:22.149286
T325453,Branch 1,Delhi,1711.7,,Failed,2025-04-06 16:44:24.807667
T607952,Branch 1,Delhi,417.88,Transfer,,2025-04-01 09:11:17.612707
T686947,Branch 1,Delhi,2329.08,Failed,Failed,2025-04-04 07:13:26.220288
T856465,Branch 1,Delhi,547.68,Failed,Failed,2025-04-03 10:01:17.556145
,Branch 1,Delhi,3354.08,Deposit,Failed,2025-04-05 07:37:14.520924
T857429,Branch 1,Delhi,,Withdrawal,Failed,2025-04-05 01:54:41.915910
T315851,Branch 1,Delhi,2270.61,Withdrawal,Failed,2025-04-04 02:28:10.662033
T192594,Branch 1,Delhi,443.41,Deposit,,2025-04-04 21:54:00.289758
T393295,Branch 1,Delhi,4382.39,Withdrawal,Failed,2025-04-01 12:00:13.500157
T660998,Branch 1,Delhi,4085.57,Failed,Success,2025-04-05 20:05:42.173606
T512559,Branch 1,Delhi,3709.79,,Success,2025-04-07 11:23:02.635121
T253592,Branch 1,Delhi,3573.1,,Failed,2025-04-01 06:56:36.240284
T128729,Branch 1,Delhi,3096.31,Deposit,Failed,2025-04-02 22:08:40.453673
,Branch 1,Delhi,164.18,Deposit,Success,2025-04-04 14:52:56.172505
T184529,Branch 1,Delhi,570.39,Withdrawal,Success,2025-04-04 22:59:53.842369
T478224,Branch 1,Delhi,2738.17,Deposit,Failed,2025-04-06 08:55:59.526913
T153579,Branch 1,Delhi,2907.77,Transfer,Failed,2025-04-02 21:12:17.874145
T872072,Branch 1,Delhi,520.68,Withdrawal,Failed,2025-04-02 16:09:25.601444
T287564,Branch 1,Delhi,1903.68,Transfer,Success,2025-04-04 10:09:40.970419
T298680,Branch 1,Delhi,2701.68,Withdrawal,Success,2025-04-02 23:24:56.853909
,Branch 1,Delhi,885.68,Withdrawal,Failed,2025-04-01 12:21:19.907400
,Branch 1,Delhi,1260.7,Transfer,Success,2025-04-03 05:32:35.752167
T309147,Branch 1,Delhi,1086.93,Failed,Failed,2025-04-01 12:57:11.893248
T928308,Branch 1,Delhi,2352.74,Deposit,Success,2025-04-01 05:10:28.022400
T585741,Branch 1,Delhi,2142.93,Withdrawal,Success,2025-04-06 05:27:52.096368
,Branch 1,Delhi,906.66,Failed,Failed,2025-04-05 14:32:13.280313
T888974,Branch 1,Delhi,4301.73,Transfer,Success,2025-04-06 03:06:59.207461
T249750,Branch 1,Delhi,4460.36,Withdrawal,Failed,2025-04-06 11:02:08.743174
T374765,Branch 1,Delhi,892.7,Failed,Failed,2025-04-06 11:34:33.992276
T194518,Branch 1,Delhi,1360.03,,,2025-04-02 17:24:21.644567
T403472,Branch 1,Delhi,3008.87,Transfer,Success,2025-04-06 01:11:24.217886
T447669,Branch 1,Delhi,3962.19,Deposit,Success,2025-04-03 11:22:47.578002
T729075,Branch 1,Delhi,4770.11,Deposit,Success,
T278474,Branch 1,Delhi,1794.65,Transfer,Success,2025-04-04 19:40:09.331087
T372156,Branch 1,Delhi,4388.45,,Failed,2025-04-03 11:27:17.116239
T463709,Branch 1,Delhi,2474.51,Transfer,,2025-04-02 02:25:02.389561
T284690,Branch 1,Delhi,,Withdrawal,Success,2025-04-04 06:38:22.518653
T418345,Branch 1,Delhi,,,Failed,2025-04-07 04:49:01.454639
T199520,Branch 1,Delhi,3462.21,Transfer,Failed,2025-04-05 12:15:54.729309
T564358,Branch 1,Delhi,1106.17,Failed,Failed,2025-04-05 03:10:36.326276
T759769,Branch 1,Delhi,3807.17,Deposit,Success,2025-04-02 13:05:14.722992
T788804,Branch 1,Delhi,,Transfer,Success,2025-04-07 17:52:04.125121
T659181,Branch 1,Delhi,,,Failed,2025-04-05 13:46:25.161242
T405583,Branch 1,Delhi,,Transfer,Failed,2025-04-03 15:27:14.285035
T284896,Branch 1,Delhi,3833.29,Deposit,Success,2025-04-03 09:24:16.399151
T226099,Branch 1,Delhi,3730.12,Deposit,Failed,2025-04-07 00:59:35.426504
T583596,Branch 1,Delhi,3980.26,,Success,2025-04-04 07:38:50.122454
T788115,Branch 1,Delhi,3086.6,Failed,Failed,2025-04-04 21:04:12.381685
